1.219480304057563984e+02,-7.926815999667269352e+01,3.190256862900810120e+01,-9.361680780214113895e+01,1.657246764286057683e+01,7.025982583419364857e+01,-2.085965637896882185e+01,4.497498382032914321e+01,2.340650267548248920e+01,-5.025850627882523725e+01,-1.000077808035125848e+01,-1.801041198827073941e+01,-3.950425683613308081e+01,8.852486339105963964e+01,-4.574425761655907507e+01,-2.317650284766375890e+01
1.740627284210923165e+02,-9.645595252129005814e+01,3.283400461332842468e+01,-1.039510043017351961e+02,2.224310535654410614e+01,1.006274408590537917e+02,-2.593184457327310355e+01,6.050535429761760753e+01,1.458832712306419843e+01,-6.773144562247111367e+01,-2.098163329449846515e+01,-1.674988571738938725e-01,-4.003671084182696660e+01,1.062541703426190622e+02,-4.674809772113404449e+01,-2.141468924417583963e+01
1.101366836810534409e+02,-6.941595378117260395e+01,2.534756785381782151e+01,-9.619461349954374896e+01,1.449572754457414447e+01,6.002166514266053809e+01,-9.174939854426909847e+00,4.590554593384755577e+01,3.314578367256876135e+01,-4.676253875577326369e+01,-1.099360890790429046e+01,-1.804735741287134587e+01,-3.331029097298382169e+01,9.790655726585562491e+01,-4.222517115588940584e+01,-2.325363974811209999e+01
1.376720056151818312e+02,-9.401798417244212658e+01,2.580356737143103985e+01,-9.678691388290192776e+01,2.844265022642601082e+01,7.507830979365463975e+01,-2.460078919382614870e+01,4.319319740752787595e+01,3.267101746772041082e+01,-3.471376537655718408e+01,-1.500231996318442107e+01,-4.834007480710799776e+00,-4.117786430777339746e+01,1.007888576614735285e+02,-3.777608897042459546e+01,-2.350899598460745921e+01
1.643334324681631529e+02,-9.818255839138234364e+01,1.801796826452913436e+01,-1.085996001638180530e+02,3.474666404259988184e+01,8.222188855394185225e+01,-1.128443432991485373e+01,5.184526725899038269e+01,4.425252977770552576e+01,-5.311447148218574910e+01,-2.786634629228629834e+01,9.297372364994171079e+00,-4.142035358619613561e+01,1.123567743889716297e+02,-3.932251651104996171e+01,-2.259183573479813134e+01
1.274987794933502272e+02,-8.422723164821465502e+01,1.764654043953235529e+01,-1.007105376700778834e+02,2.830777142852229389e+01,6.631780550554195486e+01,-1.698954219415023204e+01,4.092544375660599343e+01,5.160720109467945349e+01,-3.872568727485820261e+01,-1.585202833722663307e+01,-7.890269203958603761e+00,-4.778333049016710987e+01,9.507962495893819721e+01,-4.954784604635111833e+01,-2.362219581647250166e+01
1.310773380067568610e+02,-8.700551411822259240e+01,2.302855628505496810e+01,-1.031153625637438864e+02,2.936883350746368038e+01,6.910025654253732341e+01,-1.738248470112014843e+01,4.472191458874593906e+01,5.244715193695387967e+01,-3.713310117997710336e+01,-1.396349152923358794e+01,-3.850661079856132485e-01,-4.219233181432807100e+01,1.046810056282987631e+02,-4.457425525542624456e+01,-2.466480411772056769e+01
1.212801182694650493e+02,-7.803903862917127299e+01,2.677580696361961188e+01,-8.958962618870020833e+01,1.839147166137690448e+01,6.955952221318118234e+01,-1.928654735511987894e+01,4.395343469623958299e+01,2.831210903191301753e+01,-4.253502681610599012e+01,-1.077515797655809138e+01,6.095709142475858044e+00,-3.379855065707879902e+01,9.756651477746422074e+01,-3.014785661749811752e+01,-2.413139858979061003e+01
1.274235706263322214e+02,-8.149364065868870455e+01,2.796582586461233788e+01,-8.840985290230204896e+01,2.243324536096040234e+01,7.498891460879394799e+01,-2.247973314010632251e+01,4.539378090390564324e+01,2.532701304542836596e+01,-4.057337992125353310e+01,-1.354474936425628862e+01,-1.139603596068792246e+00,-3.530239416474253744e+01,9.683403359688365697e+01,-3.788385938505555117e+01,-2.407377846600731885e+01
1.207906688920937910e+02,-7.891094288278570446e+01,2.951969720007313214e+01,-9.470465154339780156e+01,1.986946595638678659e+01,6.848669874734828511e+01,-1.589296658494318670e+01,4.399178763181765106e+01,3.556072939771374308e+01,-5.185690938871952227e+01,-1.295111241008968683e+01,-1.141840673963092101e+01,-3.876079978315269869e+01,9.259270105524971939e+01,-4.630827656908000733e+01,-2.379794922849780647e+01
1.223820978956936614e+02,-8.773004992053854778e+01,3.370914251377557491e+01,-9.071569148215475309e+01,1.928656606918075411e+01,7.798898667456647615e+01,-2.836047793288974717e+01,4.128876626130340100e+01,2.993720493312528319e+01,-4.532794262310405742e+01,-1.256135827266694349e+01,3.897964425614122153e+00,-4.020193756378611027e+01,9.874276169379052703e+01,-3.709651708526246239e+01,-2.394054434708327861e+01
1.311435630361564790e+02,-8.644238389284996060e+01,1.477966512460965021e+01,-9.797464402809362127e+01,2.485685546397753853e+01,6.861193004081655999e+01,-2.343239167323965688e+01,3.556669190001114345e+01,5.817612471095411308e+01,-3.398839697451468567e+01,-1.621880025951988813e+01,1.141433903132209338e+01,-4.765451989834578939e+01,9.631640755020271172e+01,-4.034945497875035159e+01,-2.392974567126655216e+01
5.022583782755261694e+01,-3.904507970284738860e+01,2.679778745394698092e+01,-5.312857338739958379e+01,2.377646681551480512e+00,4.399077815116960721e+01,-2.021629804122425611e+01,3.043673158593337291e+01,1.896961916077988164e+01,-2.539690677056022139e+01,5.485642064328740908e+00,-1.044634195363846940e+00,-2.489313380804866682e+01,6.198621713247568010e+01,-2.961249157618305361e+01,-1.204285282194472195e+01
7.020951130495754455e+01,-5.445417717347058328e+01,2.521704266110834425e+01,-6.830839130360845957e+01,1.490904280762854839e+01,4.323469705776014393e+01,-1.125362947724907947e+01,3.270707220046878660e+01,3.381610349364758150e+01,-3.289494422990599531e+01,3.303622249878809036e+00,-2.060776024594934253e+00,-3.178080048383957390e+01,7.037786534632154201e+01,-2.921792869151401817e+01,-1.911375462514504520e+01
1.449696215504957308e+02,-8.251303522198594464e+01,1.961145189528533095e+01,-9.057621011561123225e+01,1.974507848014351552e+01,8.422258802923467158e+01,-2.068174387978117679e+01,4.654204768353471167e+01,3.253813493015498892e+01,-6.209636116581229004e+01,-2.404169282055784507e+01,1.484518751983670448e+01,-4.316462300955090114e+01,9.187123707316554544e+01,-4.488404893002598328e+01,-2.453985656824126949e+01
1.072169841333427911e+02,-7.660861650589562544e+01,2.236711626038307799e+01,-9.171583355837920237e+01,1.329820836063935907e+01,5.958204946947579828e+01,-2.632805748215074004e+01,3.577135282560033147e+01,3.310556970699092005e+01,-2.231687838307625782e+01,-6.538039112882466419e+00,-1.293068330104489227e+01,-3.645717189960090820e+01,9.209176050093245181e+01,-3.441801886073005079e+01,-2.085340325001169504e+01
1.378833777382109815e+02,-8.486608506949627895e+01,1.902036946300206210e+01,-8.895192207452093669e+01,2.529575143303326001e+01,7.833854072272542624e+01,-2.085995539876162042e+01,4.139777967500863554e+01,3.346355493549347671e+01,-4.624035566952147747e+01,-1.927587160876019112e+01,1.016100122885054091e+01,-4.046649675272725943e+01,9.326993084652755783e+01,-3.735820656335765477e+01,-2.516833164974461567e+01
1.509964044568868360e+02,-1.028099440912204585e+02,3.455001669858393143e+01,-1.120567484085888736e+02,3.457007571783281463e+01,7.984958727520462674e+01,-8.280267019877856072e+00,5.511053141758372931e+01,4.053533417400341676e+01,-5.951674454482184018e+01,-2.031544750456099990e+01,1.949663459243148989e+00,-3.793004235955371684e+01,1.197130177952355865e+02,-3.557958738889703199e+01,-2.312976494773156233e+01
1.513949417489863549e+02,-9.254987432390298352e+01,2.857753058202215968e+01,-1.063686697930565117e+02,2.738210394183193941e+01,7.966666683446381114e+01,-1.689403843370339686e+01,5.461151206494963617e+01,2.428818504482235241e+01,-4.503093864960928272e+01,-1.778434863130664567e+01,-1.928884689171553646e+01,-3.443249805982477341e+01,1.100165027592533704e+02,-4.354041080299888478e+01,-2.384537037512550484e+01
1.555424681468757342e+02,-9.660938084676088522e+01,2.139786301196349783e+01,-1.002846679292659360e+02,1.793669715287333233e+01,8.833348642714155119e+01,-3.228424689915497225e+01,3.920236907458754416e+01,3.316152995371131595e+01,-5.625989379918328126e+01,-2.831511729176017056e+01,3.877460840907813289e+00,-4.803662396302370041e+01,9.500070305382838853e+01,-4.706274105064603930e+01,-2.295258149568633854e+01
1.242467152155001884e+02,-8.017720579153841243e+01,3.143407155213055049e+01,-9.852356955106432679e+01,2.550194422944996830e+01,6.790981367014060766e+01,-1.669700941363258195e+01,5.099129266870850330e+01,2.837113831925652008e+01,-3.224989447691091016e+01,-4.580421201950037435e+00,-1.832675360404657283e+01,-3.053840844564108536e+01,1.057323337167946136e+02,-3.807656150512014648e+01,-2.475988197898387355e+01
1.267539121139906655e+02,-7.850563951310061839e+01,3.118447769540319925e+01,-9.037393329518685903e+01,1.746611735545210564e+01,7.326578596207947669e+01,-1.887416529735900994e+01,4.880761650564683407e+01,1.714444181849277626e+01,-5.152745198185888142e+01,-9.764237290453213092e+00,-1.846888182542073764e+01,-3.738411872304565264e+01,8.673514542903417635e+01,-4.388472385127774089e+01,-2.392776997040016695e+01
1.270008766232499653e+02,-8.997848149029930198e+01,3.054786639784250823e+01,-9.385694108544279857e+01,1.588620167049250931e+01,7.825366592384771991e+01,-2.988816513195494196e+01,3.849025387829885858e+01,2.972553269199995540e+01,-5.475370989491285911e+01,-1.788286327567513823e+01,-5.335320490035992513e+00,-4.716944305037048935e+01,8.789197031333984000e+01,-4.761365203106979749e+01,-2.254533951652264534e+01
7.559021474974731802e+01,-4.849124509404570205e+01,4.374723595842873181e+01,-6.136202830363055938e+01,-4.448031486393896117e+00,6.626803700298242461e+01,-2.354117800531595606e+01,4.511608818636538132e+01,-2.280299676220582494e+00,-6.120850645228135534e+01,7.177200237977648278e+00,-1.770637200734773931e+00,-2.490072559909024719e+01,7.135140632681100215e+01,-3.407956779887488352e+01,-2.092297719517535981e+01
1.682240033515248854e+02,-9.051949661060666585e+01,2.499553267901499609e+01,-1.053235740994795862e+02,2.653976994350251672e+01,8.963857568807114262e+01,-1.575479435672761852e+01,6.092523886634690911e+01,2.309003488738608567e+01,-5.202014243405455574e+01,-2.089554133090006616e+01,5.019081356596635679e+00,-2.969561561247847337e+01,1.172387776768433838e+02,-3.488422610628639831e+01,-2.342118986374344303e+01
1.232294449704490660e+02,-7.422069648176122314e+01,2.188961994651591070e+01,-9.986505254818212052e+01,1.268823287965508584e+01,6.374655842648540727e+01,-1.713991016016336033e+01,4.609574429160559106e+01,3.433081936863958106e+01,-3.090837516088777548e+01,-4.332920167827191804e+00,-7.854411242530139781e+00,-2.989940300376903082e+01,1.051896060061315268e+02,-3.101091272101726659e+01,-2.370346369214027504e+01
1.478136060458363943e+02,-8.812066549536179139e+01,2.559305229575296181e+01,-1.026255618434626484e+02,2.320577637854864861e+01,8.192962017920291373e+01,-1.794307607253267278e+01,5.011182578882285554e+01,3.532269654988076724e+01,-5.494955305059443873e+01,-2.094669926588285591e+01,-1.810640888792285574e+00,-3.843975159397092511e+01,1.036336310873385287e+02,-4.478483565951814427e+01,-2.381339592385437598e+01
8.593180692796495634e+01,-7.382243619951729841e+01,3.642615213035800537e+01,-7.522407475845123770e+01,1.115132115169394744e+01,6.222105372445226124e+01,-3.289660997650349117e+01,3.081540065137851059e+01,2.077110249980700019e+01,-4.039757154187913812e+01,-2.967763714223745630e+00,-1.906591341892487179e+01,-4.510045982577806001e+01,6.985720874465931729e+01,-4.782034759374801780e+01,-1.979863981527524786e+01
1.156685554648802423e+02,-8.511467944430657440e+01,2.628300324019466316e+01,-9.340882484456827228e+01,1.493405479968034655e+01,6.906940613819914176e+01,-2.829988624274039921e+01,3.360197542324500120e+01,3.622849019876287713e+01,-4.153465341497691554e+01,-1.546128919999878626e+01,-1.058533743187718557e+01,-4.450929297395971673e+01,8.687581294683822364e+01,-4.723281409485320381e+01,-2.251828143225397838e+01
1.505498085573883316e+02,-9.549077941534802960e+01,1.996692190805605804e+01,-1.094825656527459898e+02,2.932066925016744463e+01,8.042799750642244305e+01,-1.764282463053128680e+01,4.586032935924848886e+01,5.375733913817942522e+01,-5.074207071849919259e+01,-2.542306532544411724e+01,1.136068462598477424e+01,-4.474608312734014959e+01,1.111392775649511435e+02,-4.320171394319506675e+01,-2.401130819594283139e+01
1.375547951108624147e+02,-8.301548965090617571e+01,2.891223145160098440e+01,-9.466450164665386069e+01,1.302466758420177406e+01,7.930743970007024757e+01,-2.410751768688530206e+01,4.807890073858702351e+01,1.581696262264460451e+01,-5.186950719045878344e+01,-1.526849222425106412e+01,-9.873461764527302620e+00,-3.489434977411131200e+01,9.663047812003649994e+01,-3.988785476309912070e+01,-2.327153341581293233e+01
1.426590393037812134e+02,-8.158155997040154261e+01,1.458957577758007140e+01,-1.027221763951652633e+02,2.323842351611028789e+01,7.107491162558048359e+01,-1.775380231899765704e+01,4.916485295494562280e+01,3.344731211828979411e+01,-2.554086061153132192e+01,-1.727277335688749460e+01,-1.120341283973304236e+01,-3.138039568333537943e+01,1.103449555387668113e+02,-3.771972599792919567e+01,-2.433727998691102101e+01
1.368444133613056124e+02,-9.330173240654748668e+01,1.806012621643144911e+01,-1.008731557267854981e+02,2.646950539977356698e+01,7.407107047222518759e+01,-2.373395937762732899e+01,3.851565666703202595e+01,4.058254522836676870e+01,-3.407948319975787399e+01,-2.298090847492333211e+01,-3.042156530889642774e+00,-4.449680822035828243e+01,1.012308866264323797e+02,-4.204126617780153907e+01,-2.369979302419906020e+01
1.269181914968522591e+02,-8.838540121294228413e+01,1.984262280690168367e+01,-9.901460818105081785e+01,1.267906655024245488e+01,7.224640818793588437e+01,-3.259940048108678923e+01,3.099610673389413762e+01,4.939033819023116223e+01,-4.553086393609664384e+01,-2.144692407688050295e+01,-5.815320214978275004e+00,-5.179641526332962798e+01,8.732488966917968298e+01,-5.518213836114608739e+01,-2.266682541984354060e+01
9.704038304021516126e+01,-5.513238365871342239e+01,2.089958158330129478e+01,-8.034082137241918531e+01,9.209338039714758395e+00,5.516001665701024592e+01,-1.160212945378002303e+01,4.347558095940254930e+01,3.195008466410143555e+01,-3.887368426259655507e+01,2.715691384113805840e-01,5.248081244822915714e+00,-2.705955621131227318e+01,8.661180056001973071e+01,-2.783685133340165407e+01,-2.362690488644865994e+01
1.420677545007361289e+02,-8.110523415515264389e+01,2.226475831824538787e+01,-9.511455955112781169e+01,9.405663365018588351e+00,8.155788954588744843e+01,-3.249908324008627858e+01,4.505793656545891679e+01,2.729248625384081706e+01,-4.162411436782475249e+01,-1.238548510874880471e+01,5.319481941189404317e+00,-3.773944289736334667e+01,9.760846650126705981e+01,-3.786310707904092254e+01,-2.368427156888181884e+01
1.227623270161905680e+02,-9.064539665608603514e+01,3.173921579623868539e+01,-9.518952985030607294e+01,2.353554825198968103e+01,7.178974273046830490e+01,-2.510977174135467038e+01,4.120270058145735703e+01,3.076291590568127177e+01,-4.065175329262813619e+01,-1.210188267060482481e+01,-7.575775190915416957e+00,-4.173009971973212373e+01,9.810241237550485494e+01,-3.955893867247490192e+01,-2.289096349505175354e+01
7.601603113410942569e+01,-5.822753983278094836e+01,3.597976809907613216e+01,-7.222770522911797286e+01,5.263780690186690592e+00,5.739271595051175723e+01,-1.852011294985911860e+01,3.852346296821063731e+01,2.177995821247012742e+01,-4.892107945124656965e+01,-1.903955977819402623e+00,-4.772468069918029521e+00,-2.956707349681765962e+01,7.758076195756446225e+01,-3.744499617151942772e+01,-1.561147275759416608e+01
1.443884650977278739e+02,-7.384466465914199773e+01,2.572807551882460331e+01,-1.016947437936189402e+02,3.012592544441788434e+01,7.225907183115783994e+01,4.349102506212488173e+00,6.398866346655896109e+01,3.085809042997806273e+01,-6.125936963211469077e+01,-1.498120674564179744e+01,-1.003337180227054937e+01,-2.969807119539903795e+01,1.052593305356211033e+02,-4.376498232379784525e+01,-2.567182656135576480e+01
1.476009828669264436e+02,-9.031687402496267225e+01,2.736121269687074076e+01,-1.041551408901675870e+02,2.569860522870957098e+01,8.581207925820962146e+01,-2.065555644394498103e+01,5.433132382824884132e+01,4.253411870003290574e+01,-5.423414636676815803e+01,-1.579767713389180983e+01,1.182779962603907009e+01,-4.237623540249619936e+01,1.102772418650947799e+02,-4.489949843601697665e+01,-2.457098244103563900e+01
1.171646916129912199e+02,-8.667947778601120490e+01,2.959200317323468354e+01,-1.004613371595919205e+02,1.415300526256507041e+01,6.789459530231701478e+01,-2.417667387706783444e+01,3.870844938318037265e+01,3.498293538651275014e+01,-4.126863427275984719e+01,-1.169741465454696616e+01,-1.016633690259580192e+01,-4.134928992704665518e+01,9.928295121198355844e+01,-3.955980448169663788e+01,-2.165625898087204604e+01
9.978339444246390144e+01,-7.533372883307302459e+01,3.635431446371662645e+01,-8.223749393009818220e+01,1.866341497242192204e+01,6.563411557585925493e+01,-2.365858112116795553e+01,4.133050648286292983e+01,2.489283758027052684e+01,-4.084166129576649951e+01,-3.643641346703861306e+00,-1.539709308903267271e+01,-3.693033564859956641e+01,8.319814350248556423e+01,-4.463112313992469637e+01,-2.333414676666482279e+01
1.045657102266600873e+02,-7.837329940700237785e+01,3.038749472215087977e+01,-8.225736774025676823e+01,1.573020028750637778e+01,6.764245924864766835e+01,-2.999780891688805085e+01,3.407035089774686298e+01,2.042906700147144861e+01,-3.630909246224101850e+01,-1.066766434481155201e+01,-2.525754119215812210e+01,-4.033827137485170766e+01,7.908224702071900936e+01,-4.708587304056443656e+01,-2.080037890115267274e+01
1.324357596701549653e+02,-7.701096756273672383e+01,2.184346331477875225e+01,-8.913298440680286205e+01,1.857628906896141530e+01,7.719965032362583202e+01,-2.556806246150146222e+01,4.550885618255558285e+01,2.731759069552221675e+01,-3.978922762176414807e+01,-1.496108705425812957e+01,1.017841349508298521e+00,-3.556396135532765612e+01,9.374717700496134398e+01,-4.213973666051551703e+01,-2.361443365074825707e+01
1.310210861845827992e+02,-8.787002052461348001e+01,1.474951836814205208e+01,-1.001407061287045650e+02,1.480902457113608506e+01,7.061060531518455718e+01,-2.919037920519580709e+01,3.201297826832401228e+01,5.030052169935379425e+01,-3.621236049343120555e+01,-2.170887110553796262e+01,4.198733094709258040e+00,-4.423944806323764567e+01,9.796311455566957704e+01,-4.144664249677090595e+01,-2.278063896906071051e+01
1.543166040789888029e+02,-8.660164043854433658e+01,1.709272572567843085e+01,-1.064529869106260094e+02,2.399376554368558701e+01,7.959544337968799255e+01,-1.431027735723930405e+01,5.171883745317286696e+01,4.174923323855828983e+01,-5.220966015283035944e+01,-2.351200218922552310e+01,1.481044059546133607e+00,-3.962924419469100457e+01,1.073205950077899899e+02,-4.568399111181486205e+01,-2.463308601706787471e+01
1.422129290284510716e+02,-7.709562201329217146e+01,2.605583528304672569e+01,-1.048481440117865162e+02,1.926267164543908450e+01,7.412184918359396590e+01,-1.053819468362612355e+01,5.823114453099120169e+01,3.417878001705656033e+01,-5.332786455863962516e+01,-9.954486374810070259e+00,-1.144930454079121596e+01,-3.311166582420991489e+01,1.046251222637784934e+02,-4.600250502371891770e+01,-2.450726497406524373e+01
1.629139124228751712e+02,-9.661937962779586542e+01,1.609889615935706786e+01,-1.106092663146866784e+02,3.312735537629205140e+01,8.425218217511759633e+01,-2.635800074190615305e+01,5.166761377773065789e+01,4.290985526002476291e+01,-2.617823715614511926e+01,-1.826129675881703207e+01,-8.256948135451636972e+00,-4.349160712339414658e+01,1.148322330535768430e+02,-4.778271470113062236e+01,-2.222722388819854444e+01
1.385988598050099085e+02,-8.470413166040853525e+01,3.130879462654720058e+01,-9.483689351311632265e+01,1.910776350516314892e+01,8.051017661174337547e+01,-2.297578577538282119e+01,4.856086852930180697e+01,2.629491291297349065e+01,-5.720475382509795992e+01,-1.366507329312468855e+01,-6.595916036410323535e+00,-4.153421542233490982e+01,9.166725630254136092e+01,-4.758077286621923463e+01,-2.414698081735885893e+01
1.277626393375112173e+02,-8.360132942020305791e+01,2.361570743565542330e+01,-9.653239342070790485e+01,2.180888074235064522e+01,7.392432695176695745e+01,-2.859853807508122969e+01,4.009668382153775923e+01,3.981931233858338715e+01,-3.923486571165150139e+01,-1.146160604430111007e+01,-1.946322054624596021e+01,-5.195075290685742431e+01,8.548794843456290948e+01,-5.670357015156906044e+01,-2.270887603338305283e+01
1.409969733846995723e+02,-8.847716246593964229e+01,7.032688166040702349e+00,-1.082744401582658185e+02,2.223683437523935424e+01,6.540682607435157081e+01,-2.265471681097249501e+01,3.530829849407952992e+01,5.043304082221715845e+01,-2.781948049176743254e+01,-2.474454248216645524e+01,-1.668086094433873257e+01,-4.676181289055696055e+01,9.632208006139570955e+01,-4.904317808966514036e+01,-2.256512823396647960e+01
1.253583958243807217e+02,-8.081901388302794942e+01,2.342624660768109379e+01,-9.889124970777520218e+01,1.661625070417229111e+01,6.579695231242182274e+01,-1.622475401749121460e+01,4.295351386521193149e+01,3.476189512575597007e+01,-3.950947284605329202e+01,-9.844867357761977189e+00,4.987581416437686377e-01,-3.234952972979250774e+01,1.034286616432785166e+02,-2.824968083478362146e+01,-2.488263479719924121e+01
1.320968003012458212e+02,-7.991200085399653119e+01,2.908347678889004939e+01,-9.867957741870989707e+01,2.427487528268440187e+01,7.231705381926195741e+01,-1.035407365512357103e+01,5.126771755849394197e+01,3.584970311532777032e+01,-5.700031579836665685e+01,-1.258672078338012668e+01,-6.162583687233232688e+00,-3.654090370083819295e+01,9.636261399435343833e+01,-4.354407560912971320e+01,-2.433323176056852333e+01
1.332803180535472904e+02,-8.444775249107114234e+01,2.343116804406824016e+01,-9.329991547451187728e+01,1.995781520818908561e+01,7.612279982156505298e+01,-2.438058883689135925e+01,4.418344729539063565e+01,2.199450540686500233e+01,-3.696244683885828408e+01,-1.726806237932962773e+01,-6.802592956526293477e+00,-3.502320618048052125e+01,1.020921241856573829e+02,-3.605850932706902512e+01,-2.394995631161240368e+01
1.174714341366774306e+02,-8.806012433508944071e+01,3.637349329329067871e+01,-9.193970377887691825e+01,1.754665134839216023e+01,7.557671346286585390e+01,-2.867819588603772729e+01,4.109697516015389596e+01,2.790524917197600629e+01,-4.663317179423412284e+01,-1.318637117234987954e+01,-7.303148279180398106e+00,-3.988451218044748714e+01,9.823176798028096357e+01,-4.429673409866048672e+01,-2.302926255959982171e+01
9.861714394088622271e+01,-6.506511500543184923e+01,3.800266869257519176e+01,-8.364507662042439051e+01,1.306182985058112500e+01,6.735688023532827629e+01,-1.860431167109325656e+01,4.952904336962409815e+01,1.792093087338049529e+01,-5.076748320928866320e+01,3.094852203505909838e+00,-1.920642525099325226e+01,-3.602081551478878652e+01,8.491834719985692459e+01,-4.515277566779920448e+01,-2.188934005083443424e+01
1.134383814452772441e+02,-8.655830723347554567e+01,2.112034931566308416e+01,-9.746560202743582124e+01,1.573563925746668168e+01,6.218497479219796276e+01,-3.112705009432305303e+01,3.201213901288534203e+01,4.260249134441075824e+01,-1.616168614842849394e+01,-1.051786216487262671e+01,-3.655516858436472116e+00,-3.759229835117869811e+01,1.022304733483576058e+02,-3.053905421411896270e+01,-2.247046953412501580e+01
1.313186691285468441e+02,-9.174591065994117400e+01,2.872478469808748613e+01,-9.756705560312026648e+01,1.563895195883155331e+01,7.722664626220779382e+01,-3.519884500756845824e+01,3.905653910233707649e+01,2.597796276394181803e+01,-3.808463082124674060e+01,-1.346871583045602172e+01,-1.602819390988886283e+01,-4.468406434552159823e+01,9.195405490029293105e+01,-4.551214834481550042e+01,-2.174277457874667618e+01
1.065576145521218194e+02,-6.812561286855044784e+01,3.325422283573004023e+01,-8.138915784548123611e+01,7.963888631705331456e+00,6.475088103657787997e+01,-2.619267035626889495e+01,4.299456362095486384e+01,9.469664407726279265e+00,-3.540949025755237045e+01,5.512309694299064589e-01,-2.127067816267261335e+01,-3.063944045481410683e+01,8.219224595811617462e+01,-3.589297056127485064e+01,-2.161951688703051389e+01
1.305200798160236957e+02,-8.286500420590671467e+01,2.351077008256797996e+01,-9.250361946912235567e+01,2.022568776869038842e+01,7.256510874776286357e+01,-2.238791333387041504e+01,4.327935467423106530e+01,2.613337484292382129e+01,-3.811611394324193469e+01,-1.406378011467183242e+01,-6.444985531247512611e+00,-3.578550666663731761e+01,9.723884234880694066e+01,-3.593848997880819240e+01,-2.465551591377842300e+01
1.294995503358209987e+02,-9.771929180062382159e+01,1.358214757292677000e+01,-1.046166580666742050e+02,2.854392942768376074e+01,6.520345319089877023e+01,-2.960429825670880177e+01,2.953601521803390995e+01,5.251966003155174434e+01,-1.391368170709869645e+01,-2.144413366626259432e+01,-1.513553810993178139e+01,-4.916806245329767933e+01,1.013747671315401675e+02,-4.313272663571083143e+01,-2.224479299035607838e+01
1.366669720014404845e+02,-9.136682882464317856e+01,2.286688533623231834e+01,-9.959739493195478133e+01,2.849230271097848899e+01,7.458429373421121511e+01,-2.091633109053066519e+01,4.364239924539571547e+01,4.292849981020334837e+01,-3.948797033554841107e+01,-1.923948755415035805e+01,-1.108753954513763240e+00,-4.215971271317280156e+01,1.035348829578572207e+02,-4.383328717511827222e+01,-2.351493535820895175e+01
1.463475187169435969e+02,-9.583852710385286855e+01,2.967491861041641599e+01,-9.833819053224439699e+01,1.760811490083064612e+01,9.138705811998966055e+01,-3.971709995375052671e+01,4.521466293602034625e+01,2.893467708156537910e+01,-4.521305409185360702e+01,-1.580033204056274165e+01,4.079595650711293153e+00,-4.567013190625261387e+01,1.008555103408246083e+02,-4.644621056373932078e+01,-2.268019663404861319e+01
1.205232315931991138e+02,-6.990215016289842254e+01,2.933722698042251409e+01,-8.886072602846070367e+01,1.029724342068802656e+01,6.828956870691901315e+01,-2.096734862336322180e+01,4.911755832165851388e+01,1.364287638428900351e+01,-3.576864927931905669e+01,-3.270184439364489215e+00,-1.249553282697309164e+01,-2.539878706587919766e+01,9.648480352567828788e+01,-3.068673332027567469e+01,-2.342758800719659718e+01
1.254688049223634607e+02,-8.664564528175618818e+01,2.920071111257748342e+01,-9.334008769475441625e+01,1.616414354902744677e+01,7.374576669145486107e+01,-3.105349564008258056e+01,4.035014343164181128e+01,1.937093277041742923e+01,-3.705941134770675660e+01,-1.249039694317856330e+01,-1.785505479198963741e+01,-3.986079740519605252e+01,9.273238701430278752e+01,-4.212921729207867116e+01,-2.285608480604672721e+01
1.023437494498036671e+02,-6.934809749436169568e+01,2.888753491183996402e+01,-7.611995226488625121e+01,4.788435535527415077e+00,6.486183227700016118e+01,-2.224484283345612567e+01,3.458884889168395915e+01,3.138659275720857167e+01,-5.836380894614472936e+01,-7.188299908828398976e+00,1.922451231818483208e+01,-3.576131561505773959e+01,7.653948982426176428e+01,-2.942946219643215500e+01,-2.247427070057999998e+01
1.317003392897348988e+02,-8.137698861805050399e+01,3.759170641698028703e+01,-9.122005469626235197e+01,1.218289840352291620e+01,8.093514777523009229e+01,-2.408102040643397146e+01,4.897385904353732400e+01,1.192560208065899197e+01,-6.197139354521284815e+01,-1.034688894110015411e+01,-6.203384418706581194e+00,-3.323128272877337253e+01,9.270740477464968876e+01,-3.821937113044302237e+01,-2.405952074693260911e+01
1.365561718694173976e+02,-8.327548372351623129e+01,2.042075330129690869e+01,-1.022489731974007441e+02,2.760818194768369338e+01,7.193466669701828664e+01,-1.061678266017865013e+01,4.833315534641914724e+01,4.244480905875953169e+01,-4.449022588586355198e+01,-2.026686974593501844e+01,-2.718268138808032308e+00,-3.175820091634076547e+01,1.078875145173311410e+02,-3.976193414245334168e+01,-2.511005693553016727e+01
1.301762308289888779e+02,-8.981587848809208197e+01,2.568143482804708100e+01,-9.210657289917899959e+01,2.113006784067673038e+01,7.606176338012784299e+01,-3.320656359692083015e+01,3.981911021569840869e+01,2.824870886546667847e+01,-2.873565894350230110e+01,-1.225640758091611282e+01,-2.721027681420309374e-01,-3.862468420161455640e+01,9.894424200637647004e+01,-3.531442413561354243e+01,-2.321970048619590798e+01
1.363870358154407540e+02,-8.656527614900824119e+01,2.448991139191122812e+01,-9.642116327953203836e+01,2.271654308884982143e+01,7.535869630562997656e+01,-2.488546115008088933e+01,4.679306886636810248e+01,3.030265422388074725e+01,-3.248647879323631571e+01,-1.084558044729834769e+01,-5.775643789622209923e+00,-3.745736842282370560e+01,1.006984193630517410e+02,-3.732377652191285478e+01,-2.406499096464452592e+01
1.040631819883943621e+02,-6.517805021478888250e+01,3.387070961824360182e+01,-8.441057681919299682e+01,1.125263778694308670e+01,6.056448113495782337e+01,-1.637113933981425973e+01,4.818826463743869937e+01,1.689130868785759887e+01,-3.736177411898432865e+01,4.080430750668944562e+00,-1.230408273350849768e+01,-2.672121666412783014e+01,9.122067101737189887e+01,-2.900082968732446531e+01,-2.244951193989950866e+01
1.318782539631315842e+02,-8.167649847345292358e+01,2.621469999877973933e+01,-1.031344771504882516e+02,2.739359479223282889e+01,6.807838624754410262e+01,-8.987188825085706156e+00,5.163799516231132003e+01,4.887285136148657472e+01,-4.549370102636206781e+01,-1.016039273195916159e+01,1.549119328776480398e+00,-3.641604516938566860e+01,1.078353020682674810e+02,-3.976305047331245390e+01,-2.495384646167573095e+01
1.293020172830818240e+02,-8.379108773285086897e+01,2.923165277377848881e+01,-9.287228733094406152e+01,1.738094412533741107e+01,7.585748092222492289e+01,-2.840976693203058190e+01,4.432847735746015161e+01,2.390172035613591461e+01,-3.894400555026762589e+01,-1.010267916257079612e+01,-8.418039519145949612e+00,-3.969276576605199125e+01,9.577245469870145200e+01,-4.039643526871761736e+01,-2.324652311858732645e+01
1.057397798623610754e+02,-7.078174995537825964e+01,3.529450268052467976e+01,-8.970039802452514266e+01,7.115782745154535682e+00,6.740005470329040804e+01,-2.299764914205726640e+01,4.512872819587602180e+01,1.529016612569622424e+01,-4.962201263175881394e+01,-3.266777832050442587e+00,-3.018575598311942088e+01,-3.939253344322455774e+01,8.428337586353141830e+01,-4.808567631033589151e+01,-1.994517150247732573e+01
1.525268749924885014e+02,-8.602662005596725692e+01,3.061907251369223459e+01,-1.090196953651226863e+02,3.196133957511480972e+01,7.845584281584342534e+01,-1.700020004000648122e+00,6.443424315527217061e+01,4.015754134226566663e+01,-5.942551646089783191e+01,-1.294014401040636564e+01,5.738397900272541818e+00,-3.088279645360704606e+01,1.194818464039182686e+02,-3.669579953703752295e+01,-2.503299818166558310e+01
1.540634215957397828e+02,-9.535317608794463240e+01,3.227776839707744472e+01,-1.067449181268751204e+02,3.045532290680800358e+01,8.465996487036950668e+01,-1.490444321068164157e+01,5.734970948123236667e+01,3.044560637344321918e+01,-5.806046012987387428e+01,-1.812512856895919100e+01,-3.346194740908128740e+00,-3.703400080431597274e+01,1.119149166867085512e+02,-4.337741464248012591e+01,-2.340643780835626231e+01
1.088559545655698599e+02,-7.738859262025830787e+01,3.156680832785771784e+01,-9.250673170232066411e+01,1.357592310761238430e+01,6.213488191467028798e+01,-1.735784858969255140e+01,3.924396427843845458e+01,2.823895772081197464e+01,-4.423303718527755990e+01,-1.026052475215977999e+01,-1.521345263241467016e+01,-3.474271341678686298e+01,9.262739751689001366e+01,-3.856571809354339564e+01,-2.280541533163624024e+01
1.184042087759175104e+02,-8.790824491447247624e+01,2.825165463815251954e+01,-9.657555315146346686e+01,1.779503955738602627e+01,6.918009618594591359e+01,-2.878783445384065232e+01,3.699214626987484422e+01,4.204945648727016305e+01,-3.702873710787610406e+01,-1.063998203984690605e+01,-8.012251019575339583e+00,-4.546126018022482640e+01,9.361675821605241765e+01,-4.456476763242724815e+01,-2.313166158072380441e+01
1.339011059237422785e+02,-8.840387078919440000e+01,2.779935410199763623e+01,-9.763709815386535240e+01,2.198454407221898066e+01,7.595165267950000043e+01,-2.407186266119155960e+01,4.599190150510806063e+01,3.440705331034337888e+01,-3.961257845060807625e+01,-9.535492947109172945e+00,6.727240151965198089e-01,-3.895380401655740599e+01,1.026031830005897945e+02,-3.496625720658635572e+01,-2.423696792182152038e+01
1.042869786408062538e+02,-6.520137204466557534e+01,3.844807382319237377e+01,-8.080274364428375122e+01,1.107707151233540088e+01,6.488551129710208443e+01,-1.905472047062136198e+01,4.947739868908050198e+01,1.132807782640025529e+01,-4.407562904459541642e+01,4.936523281204711289e+00,-1.615789397975443720e+01,-2.843952071298448914e+01,8.471283094781247769e+01,-3.531161024294500095e+01,-2.221117419383602964e+01
1.298466049551713013e+02,-8.857676983592014608e+01,3.203673655943283904e+01,-9.579931235245786070e+01,1.636524692285239269e+01,7.635691891472961856e+01,-2.501760429749029768e+01,4.324370926488287381e+01,2.277055828705334761e+01,-4.865382549499175013e+01,-1.379334672403405904e+01,-9.525686494403203142e+00,-3.951175019033865254e+01,9.717074895426499381e+01,-4.051073862403414694e+01,-2.265404214170550290e+01
1.439043745687046680e+02,-8.543180617484730988e+01,1.745852252335453514e+01,-9.376429097680738778e+01,2.530406219218355446e+01,7.456527279930888596e+01,-2.026050467381650222e+01,4.509265957495433241e+01,2.983084798980111785e+01,-3.675889931237106367e+01,-1.773980293825994536e+01,-1.248637094045065954e+00,-3.685762972254124037e+01,9.597704629905173590e+01,-3.602089369424113130e+01,-2.484418832352971407e+01
1.444977950811859557e+02,-9.628498171557846774e+01,2.587066153703533544e+01,-1.002918537023658843e+02,2.585451760781691988e+01,8.341194425079427788e+01,-2.469519121875186585e+01,4.415820779036999966e+01,3.828082811393345963e+01,-4.862063290574992180e+01,-2.174246544201920983e+01,3.768441448255898329e+00,-4.498523236972784645e+01,1.024594244422209499e+02,-4.509518450507117393e+01,-2.396058435515329776e+01
1.331337696306938767e+02,-8.602122186716461272e+01,2.509422975257274757e+01,-9.681557247378138698e+01,2.334592301542327775e+01,7.274428351082924848e+01,-2.027124541411613734e+01,4.657403029243639736e+01,2.989278763942883188e+01,-3.946728515764412037e+01,-1.203160008135762205e+01,-5.262847016092491614e+00,-4.044314329199702485e+01,1.010281151654474314e+02,-3.685600697730163944e+01,-2.453478623349752041e+01
1.070547971975687176e+02,-7.485619369277732460e+01,3.160940280797624524e+01,-8.717719372497732877e+01,1.845818364973951020e+01,6.431337287600273100e+01,-1.868111999552179370e+01,4.226474499428604048e+01,2.942879520582106778e+01,-4.139374576795921712e+01,-6.855192170567305787e+00,-1.692079549148683881e+01,-3.443415152181889738e+01,8.758191936601265581e+01,-4.312991870468319888e+01,-2.269282124732854200e+01
1.495672472793409042e+02,-9.305969221387790924e+01,3.039786444286756861e+01,-9.982619198695054763e+01,2.406306460674649017e+01,8.731543546603535333e+01,-2.966918200116712256e+01,5.160026380017752956e+01,2.122614617316164143e+01,-4.030313335812674325e+01,-1.472987883725564018e+01,-5.207549421295532888e+00,-3.740742207196713309e+01,1.063542729420824742e+02,-4.053023112545945850e+01,-2.324615124494681595e+01
1.371581110721363075e+02,-8.120815435955881867e+01,2.584851817752270975e+01,-1.012441378212530765e+02,1.343227990535581817e+01,7.501006578796842916e+01,-2.238711279766895501e+01,5.000299453920138859e+01,2.131337799962572888e+01,-3.772096539539004567e+01,-1.001512057861793004e+01,-1.344080531514478594e+01,-3.009775024554816625e+01,1.039581343941681695e+02,-3.637283429761218656e+01,-2.379867330295839878e+01
1.392143017172862187e+02,-8.317768304188670925e+01,2.400269161154036013e+01,-9.764777406648406100e+01,1.978128466398469598e+01,7.506446847577360870e+01,-1.936443545866025318e+01,4.543770621080722805e+01,2.822905786833094766e+01,-4.897369375453680362e+01,-1.845169833654582803e+01,-1.281656070459902708e+01,-3.742044531247961459e+01,9.459367589859328973e+01,-4.454342745112675317e+01,-2.373398692157051215e+01
1.386001096763037310e+02,-8.819251483236587319e+01,1.650931250403478145e+01,-9.692129352734446002e+01,2.142742575804297189e+01,7.195996254632540001e+01,-2.285556271447709520e+01,3.665041586006908148e+01,3.826496062838051415e+01,-4.430017213547844079e+01,-2.241260098871147477e+01,-7.578041404903435030e+00,-4.522047626205440451e+01,8.824326002825240778e+01,-4.475904984321334013e+01,-2.332851599453663738e+01
1.295020532882157340e+02,-8.315887040387065099e+01,2.617528574995671065e+01,-8.953103550957855816e+01,1.801294041341052932e+01,7.574116156948696243e+01,-3.081907810596421626e+01,4.068934630452093870e+01,2.213391186383817555e+01,-3.734114810748600632e+01,-1.372547003515282960e+01,-1.083325779320363758e+01,-3.908827474961884718e+01,8.845862359019301380e+01,-4.350787679740785308e+01,-2.381533235718761787e+01
1.565911062536509064e+02,-9.720006431402291014e+01,2.201740429022764545e+01,-1.109321152680267062e+02,3.097903823389356504e+01,8.232447012507446971e+01,-1.849439645749344407e+01,4.988774855940878439e+01,4.596817087918110900e+01,-5.106903198988544546e+01,-2.271188082374877126e+01,-2.020616311506604923e+00,-4.494142476620391591e+01,1.092656459032905900e+02,-4.884194400447663753e+01,-2.232468790725552665e+01
1.456682451555789726e+02,-9.050419454399589370e+01,1.907218962399450746e+01,-9.850318970971717647e+01,2.162214241720453245e+01,7.781105540295322953e+01,-2.591050362604662993e+01,4.000726407216036051e+01,3.392896992544865498e+01,-4.218806836171523855e+01,-2.196834969518527458e+01,-2.487997747124433001e+00,-4.257909241890686047e+01,9.612900730455315568e+01,-4.068555168469296035e+01,-2.328777694391201436e+01
1.471488006241323774e+02,-9.139676612240600662e+01,2.661845080042668954e+01,-1.008881633117030105e+02,2.394296752783201754e+01,8.076253345388508365e+01,-1.782491068310195104e+01,4.939216960354739427e+01,3.458857672907894454e+01,-5.521796578777297526e+01,-1.993189207995476409e+01,6.260704688645367000e+00,-3.760409735818016230e+01,1.058989907109951076e+02,-3.847479781728340953e+01,-2.468747385025222485e+01
1.530393372448509126e+02,-8.839659637668299297e+01,2.262236475960728299e+01,-1.094238984921658613e+02,2.583731064290794421e+01,7.761486617370100305e+01,-8.697530214886809219e+00,5.347275315089777337e+01,4.180268973850904501e+01,-5.363126239261275430e+01,-2.163577749111496473e+01,3.416942704399464237e+00,-3.397139692221230689e+01,1.143768111463215007e+02,-3.926273927257448548e+01,-2.452458052679426714e+01
1.265216143102195190e+02,-7.407447423639645478e+01,2.633403139950677030e+01,-9.121498868636869872e+01,1.794795565488651690e+01,6.895020844064347898e+01,-1.738629277722987965e+01,4.762989910839087315e+01,2.729007447804594477e+01,-4.370252375221446783e+01,-5.726753331429830673e+00,-8.432412321503417019e+00,-3.468310570393750680e+01,9.064454657089969203e+01,-3.762133162098589167e+01,-2.421762623512386625e+01
1.428753128836956705e+02,-8.310937709996198919e+01,2.213602437198598594e+01,-1.003131522132909339e+02,2.864611404414381468e+01,7.453596887720269137e+01,-1.229826488451251087e+01,5.265910923114618214e+01,3.700386445274803293e+01,-4.419781306930737941e+01,-1.507030960191424640e+01,-5.703487746097879452e+00,-3.476967448362240276e+01,1.044398252300553196e+02,-4.229810345952496675e+01,-2.444018681248245883e+01
1.485515469892719125e+02,-9.351604467286391298e+01,1.835321266219098035e+01,-1.002580913475298559e+02,2.919533949413482432e+01,7.677033127180118299e+01,-2.057756772010620594e+01,4.382428530915611731e+01,4.009531220270498864e+01,-4.113464095435647749e+01,-2.156885774510672604e+01,1.085763349396765776e+00,-4.329765260935209881e+01,1.000863044570851201e+02,-4.080905537379206294e+01,-2.410552585729283948e+01
1.566334831392794342e+02,-9.909180316799388777e+01,1.732411133892111721e+01,-1.069102124211463689e+02,3.156096655870450363e+01,8.113056187237607730e+01,-2.361457157161711962e+01,4.456507621270754527e+01,4.222192149678411255e+01,-3.841903421698726362e+01,-2.739117378233056854e+01,-7.883216532078908045e+00,-4.534554064621901404e+01,1.058598217148232123e+02,-4.960459407896219375e+01,-2.233245060241474533e+01
1.465949922066605495e+02,-8.999433874237644204e+01,1.804216352042888971e+01,-9.849210649629029035e+01,1.755518006221464233e+01,7.941697297375766595e+01,-2.841437643032592320e+01,4.055315256014988989e+01,3.343096028121866681e+01,-4.337128676623188994e+01,-2.253569150734390192e+01,-5.200237403711632789e-01,-4.234026324310217149e+01,9.599630651878649701e+01,-4.245834332455739002e+01,-2.259681662882656639e+01
1.470402423338073845e+02,-9.377864555161499993e+01,1.498971849984341809e+01,-1.051760606172884565e+02,2.797401287337708098e+01,7.361639664751889711e+01,-2.211427676703099721e+01,4.182193560699769108e+01,4.788303646340516195e+01,-3.296368641108178110e+01,-2.127591999946454138e+01,-1.115006495827179478e+00,-4.422938266987139144e+01,1.046771968265154698e+02,-4.186500747227910324e+01,-2.374225362622592428e+01
1.596900168767878370e+02,-9.261912033932843258e+01,2.045708964476713732e+01,-1.073320247410878778e+02,3.035078854335098342e+01,8.088486303611625772e+01,-1.044404256686244459e+01,5.411005178889386258e+01,4.020812541743795521e+01,-5.371021381680231599e+01,-2.436469973159009683e+01,5.983154219084731551e+00,-3.606135173292837948e+01,1.127015496268307260e+02,-3.891724190631484959e+01,-2.425611268225896566e+01
1.639990274052680661e+02,-9.758479991721570457e+01,1.750901947220337362e+01,-1.084980005930106444e+02,3.277990031477822441e+01,8.167557174636830553e+01,-1.726127608896693033e+01,4.959801432790885656e+01,3.388513009165203727e+01,-4.346229427848953719e+01,-2.694213582911121918e+01,-1.308353903172863397e+01,-4.090494340723606115e+01,1.070198512572769260e+02,-4.542540373715096536e+01,-2.259534847221761567e+01
1.323820344761934962e+02,-7.631237062679180383e+01,1.575612812268096263e+01,-8.872688728655597856e+01,3.018741949265823976e+01,6.904000524911849368e+01,-1.680517689427080796e+01,4.517701190798489108e+01,3.709122059626785273e+01,-2.871511178231693862e+01,-1.305909867591670981e+01,-3.513676244526215520e+00,-3.609841122252908008e+01,9.220263631445975250e+01,-4.047552067091721995e+01,-2.552405457206466366e+01
1.771545432240324942e+02,-1.085301859114838550e+02,1.797738155389416548e+01,-1.134507045159322161e+02,3.330356667322997311e+01,9.203675598970467320e+01,-2.932961777044870288e+01,4.994888780939444217e+01,3.447253991940514339e+01,-3.623076461556411232e+01,-2.901701182664913503e+01,-6.632813127032457956e+00,-4.569228123613753922e+01,1.159426855372140892e+02,-4.646199206296486039e+01,-1.982789401657827710e+01
1.569944067138266064e+02,-8.886231749177719053e+01,2.503034258610734852e+01,-9.701710893976540717e+01,1.752286024807779441e+01,8.752035638976083476e+01,-2.729985743069591564e+01,5.176087457960624505e+01,1.574501205945910343e+01,-4.915504926551118814e+01,-1.633417412726983642e+01,-1.211841271370841966e+00,-3.613106855168810938e+01,1.000902354948234603e+02,-3.712742978075349498e+01,-2.376553116920411668e+01
1.447556242596143647e+02,-9.328911563858147815e+01,1.894311017990744261e+01,-1.031732588102926229e+02,2.489311564626428819e+01,7.575798041085197099e+01,-2.426676830336757718e+01,4.292892943107382564e+01,4.215621542926648146e+01,-3.416676158737542579e+01,-1.925850429626627758e+01,2.169290741647329046e+00,-4.077954171284995510e+01,1.073395487795148995e+02,-3.777858005026391197e+01,-2.350112532215677419e+01
1.541772113653402982e+02,-8.117311317088926614e+01,2.245192163576728461e+01,-1.017722520117198854e+02,1.540997578614511276e+01,8.436411057416296444e+01,-1.898771695390538738e+01,5.234783735264000626e+01,2.990780877018911710e+01,-6.267396814575577935e+01,-2.018493820508083658e+01,-2.738955383740231397e+00,-3.806088771906189550e+01,9.765302812979987834e+01,-4.840492613972073599e+01,-2.424080825338679546e+01
1.499950433131225225e+02,-9.275890553204713740e+01,2.624799491344373692e+01,-1.068793256598900996e+02,2.453679358914906672e+01,7.917913012293715269e+01,-2.075956988232586298e+01,5.151495255933762962e+01,2.456560764515552009e+01,-3.929783386569500436e+01,-1.663871848884048532e+01,-1.717970449574276515e+01,-3.501190706643958350e+01,1.120125198062550709e+02,-3.912711629495619547e+01,-2.300702904750263400e+01
1.555848312452191067e+02,-9.003735934762578097e+01,2.555312002315179143e+01,-1.023099315271437888e+02,2.039852298955790033e+01,8.448041817919576602e+01,-2.140032249497822292e+01,4.953891147998886169e+01,2.456035740563581626e+01,-5.831898454993235248e+01,-2.147902036690322092e+01,-9.191598798696318795e+00,-4.047699224820565433e+01,9.792431649922366432e+01,-4.564713244293943717e+01,-2.345436300366407778e+01
1.542714511378496240e+02,-9.518159621434836026e+01,1.996547546232229209e+01,-1.064789914791450940e+02,1.751997283886108292e+01,8.437259800418839006e+01,-3.226144072681211128e+01,4.189016348442186199e+01,3.268382506326690873e+01,-3.965096491592888839e+01,-2.511728719984511926e+01,-6.247404256198112016e+00,-4.125983612678408008e+01,1.073785737450178601e+02,-4.392842609284691946e+01,-2.273028510199588226e+01
1.595210916057734210e+02,-9.302289941158819886e+01,1.900563668283662722e+01,-1.059118327672531450e+02,2.625587226284042686e+01,8.232666367357849424e+01,-2.405939795300786699e+01,5.042004085509187661e+01,2.686544238959028519e+01,-3.599358130084701202e+01,-2.198843857929962908e+01,-1.825797784703529558e+01,-3.872914248398365800e+01,1.056904617221729268e+02,-4.706977073103513476e+01,-2.283498354278813025e+01
1.567984304120174954e+02,-9.052967987132642236e+01,1.630635042530310486e+01,-9.910534047384209089e+01,3.012078262361912806e+01,8.067134356334109668e+01,-1.516336444563278718e+01,4.791799549910472678e+01,3.925452327135367625e+01,-5.351173692914361624e+01,-2.582623687245680344e+01,5.726628973518075760e+00,-4.255714300711773745e+01,9.688104838559505083e+01,-4.413715253784169334e+01,-2.511183800043314562e+01
1.663790348964371049e+02,-9.982218793944194601e+01,1.736590449029054284e+01,-1.097536778511214663e+02,3.002731521219343236e+01,8.610139390836737050e+01,-2.388544627479649662e+01,4.755841408805775217e+01,3.900493819491654790e+01,-4.245671493870725044e+01,-2.978156361199976132e+01,-4.613660145391798473e+00,-4.393684555438608186e+01,1.096905600033779251e+02,-4.817768255393331600e+01,-2.101315135063649819e+01
1.301666404671578618e+02,-8.651471711870786407e+01,2.232003341612304581e+01,-1.029751304606386526e+02,2.487741015286539437e+01,6.523241766684692777e+01,-1.980245984010829829e+01,4.475829265699149317e+01,3.271492900792693348e+01,-2.149264629486150824e+01,-1.216758972791987858e+01,-1.838333340970678620e+01,-3.169730757821073297e+01,1.089018185019867531e+02,-3.485966321775173782e+01,-2.364260997068203451e+01
1.696044237752630579e+02,-9.804860393441050803e+01,1.939409700736753095e+01,-1.102185976820243809e+02,3.321326753955639077e+01,8.720941141571066169e+01,-1.486934287961694245e+01,5.436308072917494627e+01,3.856928502738953313e+01,-5.179913657984222652e+01,-2.560440907191744841e+01,4.174498986932048794e+00,-3.875624418507748459e+01,1.157131669838468184e+02,-3.971555532874967298e+01,-2.217785221775580595e+01
1.440037523535293076e+02,-9.108440734568297614e+01,3.493367160961690132e+01,-9.783811382796709211e+01,2.409113779715474735e+01,8.408192053432688340e+01,-2.199466970104657548e+01,5.191250379837026685e+01,2.305676687687639870e+01,-6.076598254998705073e+01,-1.528182743026779988e+01,-1.415904929181992777e+01,-4.280147357055171398e+01,9.447382613298027820e+01,-5.204166419962167822e+01,-2.369399824537759258e+01
1.627597110539616381e+02,-9.852037290981132855e+01,2.552462277261865253e+01,-1.055235540798037874e+02,2.550793106157612655e+01,8.732983864718214306e+01,-2.224275062768041522e+01,4.936404725957942219e+01,2.506874911456187505e+01,-5.486400065256478342e+01,-2.743544289913257472e+01,-6.927128741298787418e+00,-4.044010050471900541e+01,1.052036497982526413e+02,-4.396022153827743040e+01,-2.205923019204370661e+01
1.444840266237865762e+02,-8.596305538162626192e+01,3.319511770146356611e+01,-1.023695514177822758e+02,1.621290709243846706e+01,8.252217946701401274e+01,-2.284890647538637864e+01,5.193396566642029910e+01,1.859309879781975994e+01,-5.477229459347640272e+01,-1.275332148262560672e+01,-2.101574369489668470e+01,-3.747976546437131162e+01,9.926068792147093234e+01,-4.873614924264624904e+01,-2.295893262471402352e+01
