1.244559661262884731e+02,-8.088448627332243746e+01,5.984274201033206708e+01,4.441832934781125886e+01,-5.254860076424705539e+01,-5.925141608538250182e+01,-3.595477260072046732e+01,2.302777632805620200e+01,7.612893744701638354e+01,-3.361498986162814617e+01,-2.439506183060031219e+01,7.237881103073145539e+01,4.499913945616725641e+01,-3.514832962779598091e+01,4.185955824786142188e+01,-2.603693692512728219e+01
1.767146246406113335e+02,-9.623225222759633368e+01,6.324520287548484276e+01,4.587947618676098926e+01,-5.692458137992106515e+01,-7.744801486140254099e+01,-5.772628591968297940e+01,4.494391675826741306e+01,8.546517819875872135e+01,-4.959324120885505494e+01,-1.037729456355525137e+01,9.504995702280392322e+01,5.359902703490508458e+01,-4.344115411656629533e+01,4.112909434733712288e+01,-2.597919232678559709e+01
1.128340797239788316e+02,-7.409191175110798611e+01,5.315165327251339278e+01,5.382278618429127448e+01,-5.487630313614445754e+01,-5.662421987088933406e+01,-2.168728616212747085e+01,1.634085002436157197e+01,7.360802174657938224e+01,-4.404677005262683309e+01,-2.490295968294298135e+01,7.347497636854502900e+01,4.732778125375060796e+01,-2.609357005099686333e+01,4.128897034123188803e+01,-2.643742812951332510e+01
1.404291973319791680e+02,-9.526357387283714218e+01,6.243400773163463668e+01,5.421993416727776349e+01,-3.986780986667258020e+01,-7.208992026231126715e+01,-3.238839296422976588e+01,2.796372804148269964e+01,7.749460304392513876e+01,-3.590436400615767099e+01,-1.515325422450152892e+01,8.081082440512888354e+01,3.580103365051246556e+01,-2.045456461111969659e+01,4.841605801730558056e+01,-2.735359002573573051e+01
1.674091621647925763e+02,-1.016849622213225075e+02,6.000325712032292813e+01,6.991468402046616859e+01,-4.213605261868613638e+01,-8.279615328272969066e+01,-2.873901372096727869e+01,3.190811228499137187e+01,8.459880580918255077e+01,-5.928036986645044948e+01,-4.342723479648841201e-01,8.806669977293167051e+01,4.532457259082173806e+01,-3.092700122831839238e+01,4.531904268462132279e+01,-2.766072656448517719e+01
1.304947864761947756e+02,-9.019939322363302381e+01,5.709550433238178613e+01,6.496937701414827870e+01,-4.266351380368408286e+01,-7.307978225067195410e+01,-1.444084317622809799e+01,1.880138221631069584e+01,8.332303395927412737e+01,-3.518466851334534340e+01,-1.364905432631331905e+01,6.909021882020100236e+01,4.160888357943455418e+01,-3.035755466882811149e+01,5.397170655036826048e+01,-2.655436608023370937e+01
1.339819011420590584e+02,-9.138768301589843190e+01,6.291520476649093041e+01,6.588414341151535325e+01,-4.221535588402490191e+01,-7.554917932420266879e+01,-1.400939657244833292e+01,2.387123323879740866e+01,8.319245692907774981e+01,-3.949163868842089187e+01,-1.063465817545826830e+01,7.893173929195459948e+01,4.408670046304277435e+01,-2.207416952036429336e+01,5.102892311637452138e+01,-2.820555135646383249e+01
1.235962546368848649e+02,-7.949066651676244533e+01,5.729866664675918031e+01,4.816679235633836242e+01,-4.413880851751300582e+01,-6.464692178759922569e+01,-2.677980352388599528e+01,2.930316192370026229e+01,6.725845098666169974e+01,-3.813003109351239317e+01,-6.687221295251618791e+00,8.393527145636585374e+01,3.839085190635229594e+01,-2.140990654959709971e+01,3.514318797122530214e+01,-2.834961390982632068e+01
1.297994694543933463e+02,-8.222051280602654799e+01,5.738506645812661588e+01,4.513623697437456883e+01,-4.216000267719889649e+01,-6.668653921596224166e+01,-3.386679432919294186e+01,3.077025811940994160e+01,7.234554871270010779e+01,-3.697935827343997772e+01,-1.205386680788020648e+01,8.066922022606703990e+01,4.064232704164641063e+01,-2.300774485928622681e+01,4.261250722890981280e+01,-2.777064378185827209e+01
1.234055957369020433e+02,-8.184200426238194837e+01,6.002249959841798699e+01,5.024388818390124811e+01,-4.963270079221928199e+01,-6.416598601739433150e+01,-2.629500137156389883e+01,2.034244937511524043e+01,7.836661452866253796e+01,-3.920391800919530567e+01,-1.731284754861761499e+01,7.245463688459727791e+01,4.832526973548797855e+01,-3.428622326043539914e+01,4.200811479828969652e+01,-2.694161209689257319e+01
1.248159060878704594e+02,-8.861860442859877196e+01,6.550139965374602014e+01,4.257552089330215495e+01,-4.577246781283795940e+01,-7.191181051488479170e+01,-3.242889175061233686e+01,2.904932764661728584e+01,7.401491309071528235e+01,-3.308675499784549601e+01,-6.369586430601333227e+00,8.547277109133577255e+01,3.999358155005801052e+01,-2.659245387560877560e+01,4.155699816158787741e+01,-2.814870925254131606e+01
1.340408276591292633e+02,-9.319644669609934340e+01,5.781937562970686173e+01,6.389460489091298712e+01,-4.046375424410298649e+01,-8.020967283954139759e+01,-7.513280146722073560e+00,2.294785916658388558e+01,7.772614323546589787e+01,-3.005615292780882086e+01,3.910909803906345683e+00,7.452536552394440150e+01,3.478639043575000045e+01,-2.371778367750817651e+01,5.019897107355247812e+01,-2.776227036535565063e+01
5.154192316349427472e+01,-4.047462653881256500e+01,4.011382348131944298e+01,2.092581432130442209e+01,-3.618378790381778742e+01,-3.803615012278042684e+01,-1.121913377148583280e+01,1.932829635219577469e+01,4.618069069154063300e+01,-1.056083778152649622e+01,-1.157578680148639272e+01,5.692196323731273111e+01,3.143040322863265601e+01,-1.542427921066425611e+01,2.748032473271616638e+01,-1.368549554099372401e+01
7.203791188712318672e+01,-5.603942823964701603e+01,4.875198746870514555e+01,4.015359281510539091e+01,-3.228923825665967939e+01,-4.580402562839142178e+01,-5.364750057700973684e+00,1.476237678280440946e+01,5.582330958708488566e+01,-2.120096350484560688e+01,-1.373002985382868424e+01,6.027022339222327219e+01,3.419089981465546657e+01,-2.162364435732674295e+01,2.693071274358997513e+01,-2.127158067363924587e+01
1.474935620951441990e+02,-8.638413445563757875e+01,5.188867920047999149e+01,4.740429122188947986e+01,-4.717621472232077906e+01,-7.592160455407388042e+01,-3.257715260252753353e+01,3.465488585942768651e+01,7.627641254025631667e+01,-4.285144257722191696e+01,8.808477468242204012e+00,7.977398068782126472e+01,4.644870260363273218e+01,-4.486583280026621168e+01,4.025576798998143602e+01,-2.879179477335533832e+01
1.098451182090532257e+02,-8.106302974854123988e+01,5.481023265865519534e+01,4.977576105860301681e+01,-4.840332298331914274e+01,-5.970985054478537535e+01,-2.059663845846583285e+01,1.935136669196090153e+01,6.759037484694205489e+01,-2.308760955283526073e+01,-2.100890387621818078e+01,7.112584012828547486e+01,2.974698025491035125e+01,-1.004898921090427599e+01,4.715837403831609009e+01,-2.392039006350129426e+01
1.403858897495334475e+02,-8.765268099855613571e+01,5.330899683474945761e+01,5.050039857793194642e+01,-3.867309330360144060e+01,-7.483923419118902132e+01,-2.969060048351411041e+01,3.091427425399407269e+01,7.210781984697973712e+01,-3.833115798884675485e+01,1.396759633785366717e+00,7.818359343877014567e+01,3.885743183698374281e+01,-3.071636823108642389e+01,4.124449886375879970e+01,-2.928614679510336316e+01
1.540069441790903682e+02,-1.027910077949690759e+02,7.408330755307115112e+01,6.674747767642416818e+01,-4.502389445205042051e+01,-7.792146214472587928e+01,-3.152231343009283648e+01,2.879505087242315398e+01,8.638620923970451315e+01,-6.400855282695567894e+01,-1.177415798034464878e+01,9.683918024631016408e+01,5.098168259372588551e+01,-2.975554171278631799e+01,3.807183495366731307e+01,-2.846283094906380740e+01
1.543314866275927386e+02,-9.370990353562716280e+01,6.136362576896091525e+01,5.748693944393408373e+01,-5.092196127669422623e+01,-6.820282635098391211e+01,-4.341397732807200782e+01,2.941123722605772528e+01,8.354100731017575754e+01,-5.056948578101742697e+01,-2.873631152821771195e+01,8.435638391906459788e+01,4.744401431009157477e+01,-2.300164240144034267e+01,4.850625119486139880e+01,-2.766629755999008822e+01
1.584296271497863131e+02,-1.016240695938524965e+02,5.925855562403889820e+01,4.834842721733427595e+01,-5.464628185799577409e+01,-8.134657883156542368e+01,-4.087649028890002967e+01,2.906141135248656937e+01,8.105317335753532859e+01,-3.670539726928422652e+01,3.876607426459351746e+00,7.795698534902028598e+01,4.001679175396386512e+01,-4.079955354649156618e+01,4.974927131873661779e+01,-2.749035933192660153e+01
1.268254506272583910e+02,-8.071285400486156902e+01,6.147598886502481008e+01,5.546974754821578557e+01,-4.539932709609115591e+01,-6.143039790252056065e+01,-2.992576593807057606e+01,2.644901983802940393e+01,7.681506764585201097e+01,-3.936387953035363552e+01,-3.278309582184907356e+01,8.230342587473482752e+01,4.467994194913314487e+01,-1.194619737914355717e+01,4.447407337504026259e+01,-2.787995711093201479e+01
1.291987561388273775e+02,-7.903438070777197311e+01,5.653455308763184206e+01,4.161444758016443046e+01,-5.043308572952037849e+01,-5.769612521057312904e+01,-4.061445377671611823e+01,2.741736881467870646e+01,7.476182687139731797e+01,-3.578011154917238201e+01,-2.654402270548571607e+01,7.281814799712095976e+01,4.539651483560983536e+01,-3.610402176837378363e+01,3.861768224212507050e+01,-2.669912511145610523e+01
1.296548089405041253e+02,-9.285358888730483784e+01,6.344849767714499222e+01,4.184695492061732125e+01,-5.257221025619626431e+01,-7.020155802430100778e+01,-3.680409148258565466e+01,2.409560789864271868e+01,7.850617626609974309e+01,-3.025906175285745903e+01,-7.778366811648003143e+00,7.400195406558468392e+01,4.147803510033495655e+01,-4.161056210666519917e+01,4.567287774773893005e+01,-2.615011058032917646e+01
7.683569879631019717e+01,-4.612013575399448939e+01,5.105141166784937212e+01,9.578542999570078820e+00,-5.369584572660649258e+01,-3.991865136377016654e+01,-3.855889224364490531e+01,3.130423485565301789e+01,5.334274111884437275e+01,-2.108235182865678681e+01,-1.469871532545308135e+01,7.748487076531453965e+01,4.933877770502882498e+01,-3.798703564363390228e+01,1.573123989049505589e+01,-2.355689058308676564e+01
1.709233614811465429e+02,-9.141870332124024401e+01,5.773972587573191362e+01,5.817689158361102386e+01,-5.012035387825326183e+01,-7.571850822582334217e+01,-4.394176413068117171e+01,4.267610002873541220e+01,7.935277730777305294e+01,-5.878849041206841974e+01,-9.639437035993120517e+00,9.782877566654921964e+01,4.927629275368661865e+01,-2.214225287345487914e+01,3.959044344603790933e+01,-2.852182579747055868e+01
1.259496627063583389e+02,-7.899008679582757964e+01,5.402020077344165117e+01,5.788689442846468580e+01,-5.417009120507641029e+01,-6.179306474967156504e+01,-1.907617859438253660e+01,2.507905775500231726e+01,6.862841950379282707e+01,-3.625291563459197164e+01,-2.115739365382937365e+01,8.315937327707200666e+01,3.932342223311047036e+01,-8.520839527321218299e+00,4.013213722495558500e+01,-2.742473058623717463e+01
1.506217489888813930e+02,-9.152570295636412823e+01,5.981586706674507781e+01,5.572110397619302091e+01,-5.178506228837498071e+01,-7.509249702196193255e+01,-3.373797371573525794e+01,3.010275358667797363e+01,8.253278048540384759e+01,-4.825550755726244745e+01,-8.910369209672678537e+00,8.243652652759595867e+01,4.931596375802507737e+01,-3.306418133949732407e+01,4.415783166007387450e+01,-2.797214335461992363e+01
8.806450773516162656e+01,-7.447637583977649456e+01,6.036303672486042871e+01,2.675116868219789623e+01,-4.528589384636286042e+01,-5.286296310672294396e+01,-3.189931037281725779e+01,1.636389209245438181e+01,6.885470592181111726e+01,-1.027212137474522002e+01,-2.259564664884513263e+01,6.074356261962183368e+01,3.604436077358649015e+01,-3.626369708033178796e+01,4.422220250343123382e+01,-2.160948999812713467e+01
1.184021373935323425e+02,-8.974842984991435912e+01,6.034381663330631085e+01,4.587594393016014749e+01,-5.113351127346962244e+01,-6.713157062815794518e+01,-2.722790561187972003e+01,1.811309716980091622e+01,7.556509023101335742e+01,-2.595447122074113011e+01,-1.228603836683858930e+01,6.707476853255434435e+01,3.802155307333227796e+01,-3.101651832253870111e+01,5.011733447588923696e+01,-2.559081685225985225e+01
1.536321878786620800e+02,-1.011430230228177294e+02,6.341618014072888343e+01,6.862299218855415006e+01,-4.702759629244406625e+01,-8.604433470459477462e+01,-2.038577646071464144e+01,2.778966710215277658e+01,8.594677429805737745e+01,-5.033139297522697575e+01,3.866392053192238443e+00,8.601567039092009281e+01,4.549756261869880802e+01,-3.031612671726901453e+01,4.923828606903851579e+01,-2.889523877286051601e+01
1.401050551011092011e+02,-8.478204706637045263e+01,5.635641726048104516e+01,4.193498699105174410e+01,-5.654261527397826370e+01,-6.320495484904650141e+01,-4.474021180788767538e+01,3.048882273736633408e+01,7.320337894956247737e+01,-3.943751954595352771e+01,-1.697159491625969352e+01,8.174711100435402500e+01,4.361009040139682469e+01,-3.038929845602785207e+01,3.995800510758908075e+01,-2.718968111584407055e+01
1.456135258651989659e+02,-8.670163761024258520e+01,4.935962633079952866e+01,6.315648088798890569e+01,-4.853426143001372139e+01,-6.844467751209140260e+01,-2.779208157818507985e+01,2.831802813372911842e+01,7.568633945178223144e+01,-4.410351864084975659e+01,-2.123313413087716484e+01,8.043946216938266502e+01,3.815150692234625041e+01,-6.732869686122657349e+00,5.310909019700282130e+01,-2.810976043246855127e+01
1.398307412346054548e+02,-9.817882747304443569e+01,5.813393284084384760e+01,5.968641709330675127e+01,-4.369456634079922708e+01,-7.649780380167213423e+01,-2.727149540670141192e+01,2.369312753182434150e+01,7.825704095981379282e+01,-3.806613447406129325e+01,-8.551836567796549105e+00,7.567014619346234383e+01,3.424993316289702960e+01,-2.226632311406844877e+01,5.533835116993817138e+01,-2.767981171497433834e+01
1.299908612067303011e+02,-9.674807931131367411e+01,5.907384330773030712e+01,5.107318733720337178e+01,-5.661334191748486688e+01,-7.556250030247919369e+01,-2.082789675476965385e+01,1.608174125376147146e+01,8.228656811716223274e+01,-2.377686868362316730e+01,-2.170677479122178344e+00,6.452902156268572753e+01,3.940916415679903650e+01,-3.765721328371108712e+01,5.732659128722929864e+01,-2.587317843768835601e+01
9.908921123410726750e+01,-5.886093967939941507e+01,4.540679142245163291e+01,4.670219502165062408e+01,-4.554737563551226032e+01,-5.256960176513414496e+01,-1.030819837809042738e+01,2.547432661481483862e+01,5.855365487899906185e+01,-3.127577277307628378e+01,-9.078467714483947404e+00,7.498191813030855712e+01,4.053057265520324393e+01,-1.816528179418736499e+01,2.654061037331628725e+01,-2.680601008050789957e+01
1.446257106834079593e+02,-8.551811725146345111e+01,5.413095380805097534e+01,4.530195383595951597e+01,-5.672507709031621914e+01,-7.148377040312517749e+01,-3.318094485779287339e+01,3.582364526289909179e+01,7.169108034653946504e+01,-2.861072072123898735e+01,-3.847857293766256515e+00,8.464023847412551049e+01,3.871788990814002318e+01,-2.316120866403244349e+01,4.323051306106500391e+01,-2.774981125411590099e+01
1.254039344095195361e+02,-9.160597431462093709e+01,6.578442762839053159e+01,4.911708085132870849e+01,-4.420818764500168641e+01,-6.773953072108041340e+01,-3.208068544707349190e+01,2.389665310267474396e+01,7.653527092059201209e+01,-3.366940008900254355e+01,-1.673045633509779151e+01,8.034501703205880574e+01,3.839733550365355086e+01,-2.525878691325495851e+01,4.582783533952267163e+01,-2.661667814746957461e+01
7.784912311756615111e+01,-5.924223074846701564e+01,5.428441008997155848e+01,2.813210674871750072e+01,-4.838109247901613230e+01,-4.763876686948492534e+01,-2.261486861584539554e+01,2.002779512712667653e+01,6.099225366370615120e+01,-2.672887047465187038e+01,-1.304377913528196054e+01,6.931442396197212474e+01,4.451995975700961594e+01,-2.986858154652377095e+01,2.849733842286673990e+01,-1.831343721172981276e+01
1.470116291589355342e+02,-7.507717413355956637e+01,5.367304268634904929e+01,6.359163463259402960e+01,-4.651791660428691699e+01,-6.242758589280371950e+01,-2.931558885517385704e+01,3.094175393884576764e+01,8.171120310207145110e+01,-6.451305896718506006e+01,-2.392133117045964852e+01,8.222970601826190773e+01,6.003227906938844427e+01,-3.520710104296370702e+01,3.461403184469993022e+01,-2.911044410836105456e+01
1.503884711164583337e+02,-9.335361732892214093e+01,6.418240329865652427e+01,5.918341713007674088e+01,-4.872386172389495584e+01,-8.145510023040650083e+01,-2.643094358317782877e+01,3.735277291161948909e+01,8.520354586497238358e+01,-4.552608361153420446e+01,-1.547540178209898087e+00,9.324100154218248804e+01,5.154584172738645265e+01,-3.289951535602221355e+01,4.467799974966951027e+01,-2.896239656723243883e+01
1.199870824945701173e+02,-9.066259457116380815e+01,6.431020327031143324e+01,5.146387185464217850e+01,-5.488399887892029483e+01,-6.625566259101503874e+01,-2.619860017539639330e+01,1.932730731316472728e+01,7.463722445746579126e+01,-3.323042276081525870e+01,-1.697610869855685323e+01,7.896163975189831774e+01,3.836713694709776945e+01,-2.415458372548573251e+01,4.587961817154272381e+01,-2.546352596746149644e+01
1.020002439581192704e+02,-7.510483171822009751e+01,6.142690586368779293e+01,3.698782986243259785e+01,-4.282086446493317311e+01,-5.641126330126983390e+01,-3.015131490483610577e+01,2.269158677380964662e+01,7.278069691877722391e+01,-2.480769194746490314e+01,-2.437426953089191173e+01,6.926672090404075277e+01,4.354719750660306232e+01,-2.848472658592455176e+01,4.132526372960440142e+01,-2.559124367274903733e+01
1.069844479505539852e+02,-8.021046626691173742e+01,5.622983050608461753e+01,3.395079090299985580e+01,-4.671149762460554911e+01,-5.777762429745504136e+01,-3.809605156992476083e+01,1.732458147580036112e+01,7.233087653565756625e+01,-2.042336549315831817e+01,-2.694175378038593749e+01,6.139289164329228754e+01,3.636472595160187637e+01,-2.836951921796648790e+01,4.900534586122359570e+01,-2.301992118172264412e+01
1.348348471937726458e+02,-8.005212397837071592e+01,5.150142589703869334e+01,4.588404644691114243e+01,-4.643652535317470864e+01,-6.830463611577803817e+01,-3.255228610100883913e+01,3.314810918030069331e+01,7.281047927196874525e+01,-3.312790369635827403e+01,-7.667067425985520934e+00,7.719213753359882446e+01,4.149920013345613512e+01,-2.405822884198694922e+01,4.568263392632555053e+01,-2.704551477546899108e+01
1.340614000938822983e+02,-9.626011479305051921e+01,5.593487108993244306e+01,5.751822767439716699e+01,-5.244415334542021867e+01,-7.762971986279923442e+01,-1.695239218096667599e+01,1.934147641661253658e+01,7.589271783073009203e+01,-3.039703688811380999e+01,3.001442838375078193e+00,7.341632996135153633e+01,3.384975650884334897e+01,-2.176095970552211512e+01,5.282383213367158703e+01,-2.702583374849675479e+01
1.573424502738616013e+02,-9.230837254926012747e+01,5.430860588169126402e+01,6.427496405935129076e+01,-5.206933222530653893e+01,-7.681705354105909578e+01,-2.697053847911081448e+01,3.021475345283747416e+01,8.324677930020150995e+01,-5.157062309282756019e+01,-5.726147399820455064e+00,8.262130867565376491e+01,4.874260240903351615e+01,-3.146534275003651260e+01,4.769720501150204939e+01,-2.888463233346846337e+01
1.450215160349670498e+02,-8.073774843912312349e+01,5.639057821476694699e+01,5.957215222159739909e+01,-5.666306469362648812e+01,-6.490927324349240735e+01,-2.740672517142330378e+01,3.022754986448279979e+01,8.209917884112169872e+01,-4.829343374929093358e+01,-2.287145855832853059e+01,8.274629843054964340e+01,5.578123663686530875e+01,-2.968810749899662227e+01,4.041310356675655413e+01,-2.780518235066395860e+01
1.661559713071672775e+02,-1.015568615167737363e+02,5.782822530114947313e+01,6.904723831786100163e+01,-4.512313727802285968e+01,-8.340543236481553890e+01,-3.014782958906145183e+01,3.401085180146647247e+01,8.898184071513382776e+01,-3.907682760682222778e+01,-1.911458390347861780e+01,8.520173111779804742e+01,4.054418373543991549e+01,-1.394870943570125021e+01,6.360482189281594145e+01,-2.585568502697460147e+01
1.411385502629663620e+02,-8.613204613780008856e+01,6.111910856619572741e+01,4.478898505280135112e+01,-5.151096658061623401e+01,-6.797280031001047007e+01,-3.817085490328349806e+01,3.055098442648894874e+01,7.991503549920074079e+01,-3.668644071775558047e+01,-1.400765238905059640e+01,7.814319871104163440e+01,4.873692960164769516e+01,-4.050144777345754221e+01,4.136315305354898442e+01,-2.747465740229316467e+01
1.306265318152351256e+02,-8.867549132677476109e+01,5.809784819551563828e+01,5.131261654175244757e+01,-4.900779284168734051e+01,-7.120175959945530053e+01,-2.683765755386973950e+01,2.142576678349594488e+01,8.495280457845808542e+01,-2.150164114104759960e+01,-2.280034814951110178e+01,6.467079108184232439e+01,4.136137926952808641e+01,-3.675304929000244414e+01,5.733432681262267749e+01,-2.473722978456630273e+01
1.443893006242315664e+02,-9.815837495610144003e+01,5.052201087131140866e+01,6.930119848296004648e+01,-5.162307969247468264e+01,-7.348714809633322886e+01,-1.890362626981948324e+01,1.465510920132040340e+01,8.193274723399413517e+01,-3.379537563469457950e+01,-1.521993836989243043e+01,6.219017264566786451e+01,3.245629893280395351e+01,-2.090969694196022388e+01,6.338100214655785436e+01,-2.574030132777024349e+01
1.280107482859472725e+02,-8.441062428753546953e+01,5.788456542087648415e+01,5.733457415217111475e+01,-4.975275724607327987e+01,-6.515728243852370838e+01,-2.187632288753900411e+01,2.443842163908762899e+01,6.813695947137682651e+01,-4.070798563705381667e+01,-1.151457911567765890e+01,8.413694768594690743e+01,3.818820515740693367e+01,-1.563619729907804334e+01,3.602967324515554992e+01,-2.927898372235168267e+01
1.346841854973301054e+02,-8.194917458693014112e+01,6.038229650656120384e+01,5.594091064641522593e+01,-4.801167553311370995e+01,-6.636731621388690883e+01,-2.701122624035385655e+01,2.656924173976962322e+01,8.015244395433782643e+01,-4.681290639229097650e+01,-1.598723884137821649e+01,7.774560441984046122e+01,5.216239311201705675e+01,-3.586225425825367097e+01,3.665955665756705173e+01,-2.775762649093635304e+01
1.358960541964789854e+02,-8.678606362787226658e+01,5.422462993546808008e+01,4.771065606230008171e+01,-4.745354731376028212e+01,-6.739481000620202167e+01,-3.862854174231100046e+01,2.873072203064537788e+01,7.181241889666773659e+01,-3.892515334639590918e+01,-1.539212735426833767e+01,8.205453931183990335e+01,3.666032851896631684e+01,-1.829078316433881568e+01,4.659233469643737635e+01,-2.805534638806860315e+01
1.200293982083310738e+02,-8.914487255563486201e+01,6.659090593981218831e+01,4.052175889702062506e+01,-4.987075978009562505e+01,-6.755600663564158026e+01,-3.547606712793854911e+01,2.428383983656418010e+01,7.716001778927459043e+01,-3.294411642595284917e+01,-1.416617659100096382e+01,8.134880374991155350e+01,4.372895965796382711e+01,-2.846349802614735225e+01,4.636149453548887323e+01,-2.676005874108115634e+01
1.007273502237947582e+02,-6.506819075601025304e+01,5.764353888373027957e+01,3.593785717619496012e+01,-5.099885766575701496e+01,-5.198255159037181272e+01,-3.210050958543342858e+01,2.575530958549343552e+01,7.233015886396214000e+01,-2.768396870347791605e+01,-3.152912793944271996e+01,7.525975370449408786e+01,5.032976960749460460e+01,-3.532262427164110363e+01,3.473477944799193295e+01,-2.398645526969652764e+01
1.162848946210427243e+02,-9.196295302087173695e+01,6.011462971871283401e+01,5.566765796887728612e+01,-4.722630302985092499e+01,-6.898500843693528850e+01,-1.644988841965682269e+01,1.936559249989362641e+01,6.928156080938883576e+01,-2.413617396718279906e+01,-1.194130350055295331e+01,7.771787118601253042e+01,2.574610335161575136e+01,-1.412328648247860752e+00,5.156705624639414509e+01,-2.646451252214931316e+01
1.341067707650444447e+02,-9.477144122290502537e+01,6.246754031853908629e+01,4.429088492319377934e+01,-5.397300170360681193e+01,-6.827672779293069993e+01,-3.962867329724146970e+01,2.498898158086650767e+01,7.817811728563469842e+01,-2.389982270925472108e+01,-2.007128168015789527e+01,7.420298960588566217e+01,3.569597226325220873e+01,-2.713804880704213929e+01,5.208511998209239380e+01,-2.497742879090194634e+01
1.086551505265997406e+02,-6.813230604017745407e+01,5.385495949794621140e+01,3.199811804658911285e+01,-5.149117278862508584e+01,-4.812729619884275678e+01,-3.808614761718875030e+01,2.584497236245246299e+01,6.370753043530011439e+01,-2.149550675911603648e+01,-3.143138479836180110e+01,7.138236565652354670e+01,3.742869555121357905e+01,-2.035308087604272131e+01,3.617603284123905638e+01,-2.400891999537793353e+01
1.331067349503522053e+02,-8.521748255028455787e+01,5.493285331941402205e+01,4.903445829123401012e+01,-4.584772886460240215e+01,-6.586074195964978628e+01,-3.346622572789623007e+01,2.713396843653955415e+01,7.165661811838383244e+01,-3.636452427057088954e+01,-1.536500761981308472e+01,7.854158715271957192e+01,3.729994446839103972e+01,-2.065866813202162788e+01,4.341880950515608362e+01,-2.844240231153573362e+01
1.328576616614815009e+02,-1.049828913993239041e+02,5.943974292827891759e+01,6.647294438566720487e+01,-4.163606974752570267e+01,-7.792281651317374269e+01,-1.776000904243958090e+01,1.328591485321267562e+01,8.123409335277753485e+01,-2.723246951383684689e+01,-1.712453452841182866e+01,6.717844762822399218e+01,2.437611095314929699e+01,-9.524685192512009735e+00,6.738399586278542586e+01,-2.568535079933800347e+01
1.395640662211712311e+02,-9.489578100447170073e+01,6.100310740157774347e+01,5.905788807101271942e+01,-4.219595105606195062e+01,-7.588506634203076828e+01,-2.488032316901341545e+01,2.568230729331583362e+01,8.153092578978413485e+01,-4.077042247929521324e+01,-9.076379724033865060e+00,7.938474953229055586e+01,4.147440396691167308e+01,-2.423286381295383762e+01,5.165436641065170420e+01,-2.739098691890949411e+01
1.490488925473143809e+02,-9.842704303328292781e+01,6.473169800398402174e+01,4.374631991640666939e+01,-5.315545682864448196e+01,-8.019517030198579732e+01,-4.116722299041491340e+01,3.760822822345004113e+01,8.167138497776112160e+01,-2.725792780826844108e+01,-4.089149268436018225e+00,8.788124373247157450e+01,4.141740947750059121e+01,-3.020521307947270984e+01,5.142219856877775896e+01,-2.675297148388538204e+01
1.227707926371956688e+02,-7.078454008303775424e+01,5.262035410756742237e+01,4.147528543348914098e+01,-5.302622071915214974e+01,-5.356565073980553393e+01,-3.578975635672955491e+01,3.070939548511318762e+01,6.458854577465950797e+01,-3.388918874887005472e+01,-2.593400564529303054e+01,8.178527735799637810e+01,4.009314422302975345e+01,-1.290492289756666011e+01,3.488072898384786669e+01,-2.680574069859561703e+01
1.280864700471298079e+02,-8.847001335435285796e+01,5.946814839726685875e+01,4.211619128486077557e+01,-5.142285247934111680e+01,-6.276575586932647610e+01,-4.171188477917684878e+01,2.455304380964689770e+01,7.394030008677424348e+01,-2.749021797822593172e+01,-2.349182602951046306e+01,7.499425501666812011e+01,3.582510792084007534e+01,-2.385772178718160674e+01,4.911847988776627005e+01,-2.611449744254220562e+01
1.043157400579625431e+02,-7.171183502914050223e+01,5.578976807895217860e+01,3.349666411453808479e+01,-4.732437003712564660e+01,-5.988342494839153574e+01,-1.854450281057073369e+01,2.555526055752269698e+01,5.938914199145024497e+01,-2.661445212664770210e+01,1.106217947805699886e+01,7.483070105471431077e+01,3.961709531884285695e+01,-3.743498772555575727e+01,2.102060468659076875e+01,-2.650970014279950604e+01
1.339266140316127576e+02,-8.072732494587485519e+01,6.207338268352961563e+01,3.564491300065164125e+01,-5.624954316300040347e+01,-6.122434819091201064e+01,-4.764369018452426729e+01,3.212902621546722770e+01,7.206903981089128308e+01,-3.840447894925701178e+01,-1.520618685464075348e+01,8.442298818392893622e+01,4.840732129379502879e+01,-3.679801987702866484e+01,3.071951163051893730e+01,-2.802779997414926427e+01
1.393993245532818435e+02,-8.759744427359508734e+01,5.596130266526034802e+01,6.381643262196273980e+01,-4.573762475299812991e+01,-7.234900407145786971e+01,-2.369168609816065540e+01,2.486162974792854641e+01,7.954091281901658306e+01,-5.260944003073898756e+01,-1.101835008740579447e+01,7.980944997041687827e+01,4.767959736065122200e+01,-2.016591227115587515e+01,4.428037548661201583e+01,-2.927727205641777886e+01
1.327384182016298553e+02,-9.155673734584131296e+01,6.024621303461647415e+01,4.690651500180521083e+01,-4.299072612500074086e+01,-7.097252908629212698e+01,-3.358481063095465657e+01,3.059020125536557089e+01,7.219729313998213627e+01,-2.685730783077906736e+01,-1.058463398722977722e+01,8.217981597707185415e+01,3.219449658225116906e+01,-1.420050254002982371e+01,4.861737694976559965e+01,-2.713040792708966720e+01
1.390758767224538701e+02,-8.871036140282078009e+01,5.816410105087040705e+01,5.274737256966258769e+01,-4.498650620546825962e+01,-6.937331746443661018e+01,-3.102491093490206708e+01,3.151090431894082400e+01,7.555249605761584064e+01,-3.361342876163793392e+01,-1.778949417071730466e+01,8.165894132884334056e+01,3.754521508097666072e+01,-1.696203688099778617e+01,4.672622382149556586e+01,-2.762886723696846758e+01
1.061385794357882872e+02,-6.478650214772926574e+01,5.566688917127816438e+01,4.055128330075530840e+01,-4.843040362945381361e+01,-4.864955747501731764e+01,-2.759780165635806881e+01,2.723691043298844150e+01,6.270573831044904978e+01,-3.094840117884919906e+01,-2.856719804929710094e+01,8.004355323338646144e+01,4.101764618946859287e+01,-1.610124025197499620e+01,2.903481095637204845e+01,-2.539217060427784745e+01
1.346612947417625890e+02,-8.486324849673117399e+01,6.249759601887337368e+01,6.601337731352690241e+01,-4.441695392463558534e+01,-7.112687989580517467e+01,-1.332349977664492258e+01,2.659063561708967427e+01,8.093776368946002719e+01,-4.786393401315724105e+01,-1.269192916477752853e+01,8.476525337488048706e+01,4.992339721202371550e+01,-2.352521194170044083e+01,4.080762684438675336e+01,-2.875138886111321668e+01
1.318302760283782789e+02,-8.542381872602905446e+01,5.954979864451583182e+01,4.435625054363375597e+01,-4.934707983003492870e+01,-6.612980272766061773e+01,-3.596691634339841670e+01,2.949822792140970407e+01,7.416650456856471862e+01,-2.961389360942169091e+01,-1.815209551046915948e+01,8.042943211807300941e+01,3.859883480283176027e+01,-2.429162070171912546e+01,4.582198905736500905e+01,-2.667379303422692161e+01
1.081950860217323935e+02,-7.289277140282707990e+01,5.694201315250707296e+01,3.572996438116128104e+01,-6.038994068563253848e+01,-5.130579904493889387e+01,-3.808460323593423880e+01,2.010777069566588082e+01,7.367837812878748593e+01,-2.667504635051843564e+01,-3.588269108133484764e+01,7.020630603338123876e+01,4.548345468678211034e+01,-3.626159133895106379e+01,4.150417759279376639e+01,-2.213274230342664595e+01
1.552744814862194005e+02,-8.662667960850728832e+01,6.500853437948617852e+01,6.864991202250701008e+01,-4.622756964737594387e+01,-7.344889306731329270e+01,-2.479709238084575418e+01,3.605607074526074740e+01,8.412709777688215240e+01,-6.508631696825173663e+01,-1.320195993018185376e+01,9.832650089859633624e+01,5.887978948357044118e+01,-2.746061462591596225e+01,3.326103081007011042e+01,-2.972395838801063306e+01
1.568742193065879746e+02,-9.554738871462254224e+01,6.682561451479934078e+01,5.874410731733227209e+01,-4.821232655301093217e+01,-7.447543930525677069e+01,-3.990233012646536537e+01,3.403850512508874715e+01,8.604654947707599888e+01,-5.505574461972847189e+01,-1.550621775215207876e+01,9.180905243734073906e+01,5.335941733408354537e+01,-3.258748857542553168e+01,4.205414279919057208e+01,-2.782550462279163028e+01
1.113908687639025601e+02,-7.982175746482032253e+01,6.035530025852321501e+01,4.580736899663409645e+01,-5.205166712033047816e+01,-5.727410742741156469e+01,-2.762174591547770319e+01,1.680459269019440427e+01,7.000814415778540933e+01,-3.630137885627911487e+01,-2.164489945475659738e+01,7.282932421937788092e+01,4.144801585308137248e+01,-2.518443145841478525e+01,3.975940866587480116e+01,-2.615163231075611350e+01
1.212288441391373084e+02,-9.202475660043013761e+01,6.445105418904527994e+01,5.048117913856729899e+01,-4.909947705836943044e+01,-7.006772554014334276e+01,-2.170902773413328646e+01,2.044979262516697815e+01,7.852609338278590201e+01,-2.526129004727892635e+01,-1.405062097292114665e+01,7.383595648618654650e+01,3.793574275476477453e+01,-2.568422509752848626e+01,5.017171083406890375e+01,-2.634532923821509343e+01
1.365706134943090433e+02,-9.036192408680319943e+01,6.267546752584235037e+01,5.318768820444014267e+01,-4.587874791028021093e+01,-7.198082320010277613e+01,-2.782808329889159538e+01,3.068871831870901445e+01,7.584049655068136531e+01,-3.512525562213798480e+01,-1.228394347749147997e+01,8.625649934950665454e+01,3.952670455110755654e+01,-2.092158238175302643e+01,4.175871128257747245e+01,-2.827974242308106767e+01
1.062303380514847078e+02,-6.345057413397010038e+01,5.712324359795324114e+01,3.333006742845802961e+01,-4.886325854884665176e+01,-4.731008850184174719e+01,-3.455432361263914487e+01,2.899784003192389648e+01,6.523755646028348565e+01,-2.767308961026851222e+01,-3.100676025571729255e+01,7.695619719614988696e+01,4.531977171667436721e+01,-2.488073869125669901e+01,2.880198403721253442e+01,-2.462819863497569983e+01
1.324831873585242761e+02,-9.001208240642543501e+01,6.292070056402415190e+01,4.416158763520645891e+01,-5.260671250345880878e+01,-6.585043578499569605e+01,-3.939601936834390727e+01,2.605306815131443088e+01,7.453128670272970169e+01,-3.629833373426402687e+01,-1.701741518116538643e+01,8.126645951814819568e+01,4.150681661012851009e+01,-3.016368772583177460e+01,4.275848606601368829e+01,-2.651872745994309355e+01
1.465641487122854301e+02,-8.814225082265438971e+01,5.187402692250732628e+01,5.460620776471371585e+01,-4.107024767715739699e+01,-6.945185325577249102e+01,-3.197629380487313355e+01,3.082870093989394533e+01,7.304550876929260994e+01,-3.892430524425906668e+01,-1.056292485609861664e+01,7.656509296105869566e+01,3.607881580207261862e+01,-2.146508168407986261e+01,4.446230571354453787e+01,-2.863474920415518810e+01
1.473638182010265325e+02,-9.928366917134174230e+01,6.375550421307679727e+01,5.403546264543182076e+01,-4.593700556291025094e+01,-7.999065174797918587e+01,-3.245979508211832609e+01,3.017929612836432085e+01,8.207526205430382049e+01,-4.099115659916361665e+01,-3.629792446844009035e+00,8.289437229886372904e+01,4.314193863400189599e+01,-3.254784118182200814e+01,4.961946648164214935e+01,-2.818767319807391303e+01
1.358323350496542616e+02,-8.800590307528194955e+01,5.872851921307548650e+01,5.411018349380368164e+01,-4.488927032542466833e+01,-6.788084676862015954e+01,-3.017584388331084355e+01,2.836558701327624377e+01,7.504805897724514807e+01,-3.804574660202363390e+01,-1.718212520549463918e+01,8.301596906690299704e+01,3.817629417864085895e+01,-2.370755876346054691e+01,4.439314014267335295e+01,-2.833993761857181326e+01
1.094771238772513016e+02,-7.639173529546610553e+01,5.838853046580059214e+01,4.352835344287942121e+01,-4.578772417460065469e+01,-5.772770424823632140e+01,-2.714222283349516829e+01,2.031038575628900844e+01,7.359068615874717523e+01,-3.150684347386096107e+01,-2.448711030000976407e+01,6.888668597158572027e+01,4.449454360201969649e+01,-2.575517831753131048e+01,4.102008924228445608e+01,-2.525010069443833771e+01
1.521909604650770405e+02,-9.341288785184596577e+01,6.285317250978816617e+01,4.855446038152516053e+01,-4.874499439788898769e+01,-7.370087427626879162e+01,-4.550208774012366320e+01,3.807107835910612437e+01,7.977043658717035157e+01,-3.797162666840048928e+01,-1.728864830825970600e+01,8.926603336578396863e+01,4.191399562271708845e+01,-2.137904529586082703e+01,4.821159690628729777e+01,-2.727073400038482731e+01
1.398507525854714402e+02,-8.420184360849928851e+01,5.577696691134185158e+01,5.110397795589551606e+01,-5.768815539273653314e+01,-6.286392951145769104e+01,-3.736376158275574966e+01,3.094417925013951987e+01,7.247344187387425052e+01,-3.855079472263336982e+01,-2.428128717500581502e+01,8.355406080093645471e+01,4.193243904625357743e+01,-1.517880404100963077e+01,4.283843104256769152e+01,-2.751593671819263776e+01
1.419343950676389454e+02,-8.655832793187501295e+01,5.545718131702553677e+01,5.091164665753269958e+01,-5.194436025491818043e+01,-6.653858109570093404e+01,-3.633915924236750072e+01,2.488240722258373339e+01,7.780756320232174517e+01,-4.111768493027488347e+01,-1.722770071396467984e+01,7.328509825344667661e+01,4.439960547596979268e+01,-3.112231314079454592e+01,4.481166435364856682e+01,-2.722024632586049009e+01
1.415144599944315189e+02,-9.370981526222627167e+01,5.393141427265722854e+01,5.467345668452203000e+01,-4.739605881672721921e+01,-7.137273943403894805e+01,-2.885174289691404326e+01,2.026131999643004278e+01,7.751792070117653566e+01,-3.446261967732668552e+01,-8.310016128291637827e+00,6.625933119604297872e+01,3.639166492502036476e+01,-3.338425284470315546e+01,4.918251900926407671e+01,-2.683530564922527972e+01
1.319681905457806863e+02,-8.514982573634229368e+01,5.619187551232101185e+01,4.164396168973042478e+01,-4.750094252915510395e+01,-6.516956389739242184e+01,-3.927115419031247967e+01,2.816004563708124309e+01,7.355121689871241131e+01,-2.640192812216701768e+01,-1.662342928866210201e+01,7.204757684567437082e+01,3.713587787233367976e+01,-2.546790395923465056e+01,4.833222502677494958e+01,-2.687960455282820149e+01
1.597414160382143393e+02,-1.016923801054708605e+02,6.333476100761764371e+01,6.706626413199279568e+01,-4.858637584393502351e+01,-8.191190038485184743e+01,-2.916375918196882111e+01,2.831702968000040954e+01,8.967018671438373190e+01,-4.860288639992565152e+01,-9.035558717484571289e+00,8.365100162268001327e+01,4.845104757348327240e+01,-3.282091799808683419e+01,5.206119756544276100e+01,-2.651864486515102115e+01
1.484994742574856730e+02,-9.489066095826008507e+01,5.614888340466113448e+01,5.371267794258355366e+01,-4.813040168952878872e+01,-7.450947930783033257e+01,-3.356476663873301902e+01,2.638518025617085172e+01,7.680732437095902299e+01,-3.653738412419075843e+01,-6.678358529331567262e+00,7.554045173893118204e+01,3.600209815308781458e+01,-2.755831973564832538e+01,4.865784774513900857e+01,-2.735944473339940330e+01
1.498973589487775655e+02,-9.359524750872526511e+01,6.200762863670992431e+01,5.544566664277395063e+01,-4.816261433362948452e+01,-7.494023698607369965e+01,-3.259069648349228743e+01,3.160082342284661650e+01,7.906337424048408025e+01,-4.932808988976226061e+01,-3.470546631363219614e+00,8.783764173525244701e+01,4.678110193097018055e+01,-3.095518335322972092e+01,3.973002348244907012e+01,-2.940650012963117277e+01
1.559973848318817318e+02,-9.242617946718800681e+01,6.003462073256187637e+01,6.699551718893718544e+01,-5.122481100858689018e+01,-7.580040041903012593e+01,-2.601137527079173850e+01,2.979468556614718011e+01,8.127338387785738405e+01,-5.926258455903093392e+01,-7.276655113101043071e+00,8.875351721127395876e+01,5.100543144058603673e+01,-2.604923099306864742e+01,4.170203459724815076e+01,-2.930184674865235195e+01
1.289271994206236513e+02,-7.594316661796051449e+01,5.469196113105289214e+01,4.881238012205436405e+01,-4.746524922839297034e+01,-6.051057446059373035e+01,-2.808099201112594301e+01,2.814717763760400615e+01,7.169935669505993303e+01,-3.398776321280602986e+01,-1.995456444407941987e+01,7.590538440551152632e+01,4.318795150000573102e+01,-2.640786295999284405e+01,3.626517138803307461e+01,-2.725942115331884352e+01
1.456528646910983014e+02,-8.591670663151495546e+01,5.587356225376676377e+01,6.120531592334764781e+01,-4.409362686799153153e+01,-7.036076062661238950e+01,-2.722391032364744134e+01,2.966320757661519636e+01,8.075612852980123080e+01,-4.777266873752677867e+01,-1.695783921073888934e+01,8.072393160999568806e+01,4.831762555788068170e+01,-2.411173185617499115e+01,4.437960103548429913e+01,-2.802851351520097367e+01
1.514699905369995179e+02,-9.714593031064698891e+01,5.786505692274040058e+01,6.057893278709833140e+01,-4.134611881314001636e+01,-7.671411887583130351e+01,-2.829351764031970973e+01,2.814751341021765185e+01,7.991721930315229372e+01,-4.145193568467377787e+01,-6.470930271248609422e+00,7.800898266638002099e+01,3.810011875185195152e+01,-2.692552569845103960e+01,4.907197626849546168e+01,-2.815857927426621998e+01
1.598511217353278937e+02,-1.040457577933017461e+02,5.886206669655193480e+01,6.390451007584263010e+01,-4.524883573636512324e+01,-8.103972673213597488e+01,-3.296648705405467439e+01,2.637692719925832208e+01,8.742473796782233819e+01,-4.362073865638573267e+01,-1.156996092992008585e+01,7.644843150175580604e+01,4.036163297309883546e+01,-2.580743774541037538e+01,6.055866793143134430e+01,-2.622485298984225111e+01
1.494689758664814292e+02,-9.521481725512683170e+01,5.466749970986001728e+01,5.174756976684189880e+01,-5.184702490009936326e+01,-7.451345901044813047e+01,-3.388786456071562725e+01,2.807659247435187666e+01,7.669238965748117209e+01,-3.505319884852828949e+01,-3.805959111030333464e+00,7.619190510604380506e+01,3.696346860742981022e+01,-2.830193930852797379e+01,4.950163598347057103e+01,-2.669303464497982148e+01
1.501814334809891704e+02,-9.957810804799198934e+01,5.763391251975867391e+01,6.648691134844440853e+01,-4.406512535572933587e+01,-7.878456260744619044e+01,-2.143935816626148849e+01,2.500433161890913780e+01,8.154212348978992964e+01,-3.919378821209197383e+01,-7.889959183583731495e+00,7.752714786510320266e+01,3.600854886751887562e+01,-1.991991235983527986e+01,5.511506025951862853e+01,-2.775081996988830113e+01
1.626566080145206286e+02,-9.587950690887349481e+01,5.884301132858705330e+01,6.660985745459547047e+01,-4.613340157795204277e+01,-7.812196504395689090e+01,-2.972694587079936213e+01,3.247787167359798133e+01,8.269044431770593917e+01,-5.925963071375122837e+01,-4.508853671808902952e+00,8.862125165308155772e+01,4.874426784392608170e+01,-2.807998641780126547e+01,4.240076511708817009e+01,-2.914121002787951298e+01
1.671674597732965424e+02,-1.013041362729434240e+02,5.660424439121342033e+01,6.511309443609980008e+01,-4.626114117792709379e+01,-7.684686611122967292e+01,-3.972924007133864421e+01,2.778726519814087226e+01,8.588419767792454707e+01,-5.118625677582672751e+01,-1.828459204907520075e+01,7.821763097732440428e+01,4.222771354978938518e+01,-2.672069927449176774e+01,5.414885119889927978e+01,-2.664309545873330265e+01
1.348970911541321414e+02,-7.928215280217855820e+01,4.871117206851887005e+01,5.687791761357474485e+01,-3.377771833232090160e+01,-6.818290391563350283e+01,-2.210224837842842049e+01,2.920646519743698377e+01,7.418641113234461670e+01,-3.473015594191704025e+01,-1.452572003960487912e+01,7.006585869289659740e+01,3.849920526724166336e+01,-1.807711979489849696e+01,4.779848230423048960e+01,-2.831995959880832814e+01
1.804941109049338763e+02,-1.124216149457494538e+02,6.128152318026091905e+01,6.529329625479934407e+01,-4.791451945119652578e+01,-8.669314925703299934e+01,-4.458084638809268085e+01,3.475307202534211370e+01,8.969894189390062422e+01,-4.621944211175485151e+01,-1.319947641472529831e+01,8.767674310628646595e+01,3.802544107558275499e+01,-2.132313818056945465e+01,6.307597961885949900e+01,-2.441868053772929059e+01
1.595773106777934629e+02,-9.017108354098958500e+01,5.556880730739055707e+01,4.560487377750590099e+01,-5.288998327094220286e+01,-7.024978780909066245e+01,-4.784456611885574517e+01,3.937180814800798601e+01,7.453024895533781091e+01,-3.947332842272299303e+01,-1.151803306280581474e+01,8.751255470687276272e+01,4.139824195348511182e+01,-2.824622358420910118e+01,4.044166261143237051e+01,-2.805014632819900910e+01
1.477469849627354677e+02,-9.789676829136460867e+01,5.928563416274794662e+01,6.155157284347831848e+01,-4.573165307102402011e+01,-7.755952184213319356e+01,-2.517703977245244573e+01,2.792387593730960305e+01,7.854696339697250096e+01,-3.935820767997709879e+01,-6.574827559374791797e+00,8.326846873710925934e+01,3.626512410411866938e+01,-1.711604574976513859e+01,5.116087866972078757e+01,-2.788851172635526510e+01
1.569214876490065933e+02,-8.595275817341064339e+01,5.352272404119996452e+01,5.186362563936491199e+01,-5.984784709151146131e+01,-7.192085919841750297e+01,-3.720995852654959890e+01,3.259852714725060707e+01,8.115793057468420102e+01,-4.571985292654138533e+01,-7.724419448849731751e+00,7.989343391325728305e+01,5.275968859173067926e+01,-4.065411694795302111e+01,4.141548851576749257e+01,-2.811242445845961768e+01
1.529641183578300740e+02,-9.485692564055770504e+01,6.034027169368018662e+01,5.780496939073751861e+01,-5.239570140711548163e+01,-6.961176410249272806e+01,-4.199588725141786938e+01,2.895129532775251846e+01,8.060380532075004112e+01,-4.659585653240294079e+01,-2.697522118561539983e+01,8.672728103495416008e+01,4.213186337478921217e+01,-1.743775639557902579e+01,4.918464866717728512e+01,-2.714396559365259876e+01
1.583815182567747968e+02,-9.282735901738827522e+01,5.818939006377522105e+01,5.095440235730783485e+01,-5.538338921477020449e+01,-7.158105065142432011e+01,-4.450903414835735106e+01,3.032140745594439935e+01,8.136881884281318378e+01,-4.502454178797697892e+01,-1.393168083400887092e+01,7.969029652894977289e+01,4.685232487709413363e+01,-3.859676638946483251e+01,4.363050237103974638e+01,-2.744912345886840299e+01
1.573455912043727949e+02,-1.009987879349316131e+02,5.811701112238834810e+01,5.455530943539039157e+01,-5.786118024198879084e+01,-7.885826807271300254e+01,-3.938184826116067683e+01,2.795766267280786010e+01,8.082016306316228338e+01,-3.813917121570978708e+01,-8.786521569569272216e+00,8.207312228946514665e+01,3.771167784938224798e+01,-2.141813719230535185e+01,5.632186467861634327e+01,-2.723986798284784427e+01
1.625932065306126617e+02,-9.676623386367845114e+01,5.455114248074782068e+01,5.855269046948647116e+01,-5.097051681165577008e+01,-7.270049391225833801e+01,-4.304112728617869266e+01,3.066276695240055616e+01,8.370101538018614917e+01,-4.261158055322612626e+01,-2.421043090928683839e+01,7.820537541857542863e+01,4.103885743863317970e+01,-2.097207814355977362e+01,5.730882398295355529e+01,-2.637538781626036055e+01
1.596431418825291075e+02,-9.427318701795415734e+01,5.413857234122839657e+01,6.039687160603570248e+01,-4.169868391278151876e+01,-7.755556617741581249e+01,-3.047877986928251559e+01,3.125857552267923367e+01,8.135780574431933587e+01,-4.851369409133386768e+01,-6.827589963630181780e-01,7.655274075757958485e+01,4.453606662060499133e+01,-3.736558107880082247e+01,4.486089265453460229e+01,-2.920337612006555972e+01
1.695818695422601650e+02,-1.047840970402850616e+02,5.862911547507882659e+01,6.404124267275456361e+01,-4.900573761511365234e+01,-8.320026246068628950e+01,-3.745307614526029028e+01,3.021555405709399622e+01,8.754342316778385680e+01,-4.788406358465928747e+01,-8.744462934762836426e+00,8.120806084910553579e+01,4.161611254774584268e+01,-2.652794275193559415e+01,5.895358909037150852e+01,-2.536845624036077496e+01
1.330819866805655920e+02,-8.964756140741138779e+01,5.797097495543615508e+01,6.154709254226953874e+01,-4.613879642837829920e+01,-6.442084999124369915e+01,-2.806167513545170067e+01,2.249692561480996389e+01,7.516186995709473706e+01,-3.937558454263160002e+01,-2.888272997500222061e+01,7.926805084798594692e+01,3.509080761863562259e+01,-3.064747509995265684e+00,5.183182009361637199e+01,-2.726248399860218186e+01
1.726713580566531334e+02,-1.013274416868184034e+02,5.951839361053218624e+01,6.774893189266481386e+01,-4.607569718800399983e+01,-8.329449331482750551e+01,-3.556796237425891860e+01,3.450464812756258226e+01,8.561648400424009253e+01,-5.779098775033222779e+01,-6.052071199831350334e+00,9.124883134960008135e+01,4.701461869063966503e+01,-2.741629007925862993e+01,4.610069885754280961e+01,-2.722434361613072795e+01
1.466695063230630183e+02,-9.113547353425211384e+01,6.472346680976995970e+01,4.535830142001582743e+01,-5.074878948840522241e+01,-6.849998794743132180e+01,-4.536576520788582911e+01,3.053397454982794912e+01,8.532977529715543596e+01,-4.082319270906843656e+01,-2.116301896932666082e+01,7.913115356057161875e+01,5.233757376446566667e+01,-4.408311147575648903e+01,4.421277575849369157e+01,-2.689353529857318748e+01
1.656888501028719531e+02,-1.006682250999102877e+02,6.122818230942070272e+01,5.407023631084766890e+01,-5.222661560531182801e+01,-7.598616821528939624e+01,-4.796778815064150336e+01,3.117641640819770998e+01,8.318969138656881057e+01,-5.062930723792292298e+01,-1.162101968760154413e+01,8.361405911553838166e+01,4.423129070718260181e+01,-3.388867790251323697e+01,4.790719523530881219e+01,-2.664595387272359872e+01
1.472051885405541896e+02,-8.766013946715065686e+01,6.148764730447011573e+01,4.621906360996628393e+01,-6.033231659840816974e+01,-6.523492076315702093e+01,-4.683171816350232319e+01,2.940300770726805268e+01,8.135699005291237995e+01,-4.018837581559372296e+01,-2.797930228646323059e+01,8.085617566089705122e+01,5.083938740109434207e+01,-3.463932190468800343e+01,4.468255741318083096e+01,-2.624581207369470803e+01
