x,y,std_beta,95CI_min,95CI_max,Fstat,pval,x_category,y_category,pval_fdr,pval_sig,pval_fdr_sig,std_beta_sig,std_beta_fdr_sig
CT_comp1,FLAIR_median_WMH,0.073114338,-0.107047671,0.253276348,6.222277828,0.423077365,Atrophy,FLAIR,0.765661456,NA,NA,NA,NA
CT_comp1,FLAIR_median_WMH_deep,0.244760832,0.052835712,0.436685952,2.12615334,0.012901624,Atrophy,FLAIR,0.239562252,NA,NA,NA,NA
CT_comp1,FLAIR_median_WMH_PV,0.085896677,-0.099064431,0.270857785,4.45661364,0.359497157,Atrophy,FLAIR,0.734018133,NA,NA,NA,NA
CT_comp1,FLAIR_median_WMH_SWM,0.175162231,-0.008978669,0.35930313,4.74862903,0.06205603,Atrophy,FLAIR,0.378341602,NA,NA,NA,NA
CT_comp2,FLAIR_median_WMH,-0.041906161,-0.221310027,0.137497705,6.091155663,0.644415439,Atrophy,FLAIR,0.868570155,NA,NA,NA,NA
CT_comp2,FLAIR_median_WMH_deep,0.069840745,-0.125794406,0.265475896,0.62917085,0.48085402,Atrophy,FLAIR,0.815129772,NA,NA,NA,NA
CT_comp2,FLAIR_median_WMH_PV,0.023009318,-0.161460284,0.20747892,4.230961758,0.805265946,Atrophy,FLAIR,0.915460234,NA,NA,NA,NA
CT_comp2,FLAIR_median_WMH_SWM,-0.037014407,-0.222757187,0.148728373,3.787204664,0.693730866,Atrophy,FLAIR,0.888014045,NA,NA,NA,NA
CT_comp3,FLAIR_median_WMH,-0.09255345,-0.280801222,0.095694322,6.313992381,0.332106115,Atrophy,FLAIR,0.719916544,NA,NA,NA,NA
CT_comp3,FLAIR_median_WMH_deep,0.094058651,-0.111595039,0.299712341,0.710801513,0.366799826,Atrophy,FLAIR,0.736703238,NA,NA,NA,NA
CT_comp3,FLAIR_median_WMH_PV,-0.030426238,-0.224586132,0.163733656,4.241109206,0.756779228,Atrophy,FLAIR,0.901270503,NA,NA,NA,NA
CT_comp3,FLAIR_median_WMH_SWM,-0.090213183,-0.285154764,0.104728398,3.981062556,0.361183526,Atrophy,FLAIR,0.734018133,NA,NA,NA,NA
CT_comp4,FLAIR_median_WMH,0.082471597,-0.099047215,0.263990409,6.271963762,0.369963676,Atrophy,FLAIR,0.736703238,NA,NA,NA,NA
CT_comp4,FLAIR_median_WMH_deep,0.244589934,0.050983481,0.438196388,2.09583652,0.01374808,Atrophy,FLAIR,0.247465442,NA,NA,NA,NA
CT_comp4,FLAIR_median_WMH_PV,0.104894881,-0.081266964,0.291056725,4.571424668,0.266654507,Atrophy,FLAIR,0.689229927,NA,NA,NA,NA
CT_comp4,FLAIR_median_WMH_SWM,0.132114535,-0.054827328,0.319056398,4.298100091,0.164214364,Atrophy,FLAIR,0.557042942,NA,NA,NA,NA
CT_comp5,FLAIR_median_WMH,-0.018954321,-0.219347597,0.181438956,6.036845955,0.851690014,Atrophy,FLAIR,0.92825255,NA,NA,NA,NA
CT_comp5,FLAIR_median_WMH_deep,0.142429567,-0.074787915,0.35964705,0.9312758,0.196567553,Atrophy,FLAIR,0.594420281,NA,NA,NA,NA
CT_comp5,FLAIR_median_WMH_PV,0.02158137,-0.184323656,0.227486396,4.22580566,0.835874488,Atrophy,FLAIR,0.92291557,NA,NA,NA,NA
CT_comp5,FLAIR_median_WMH_SWM,0.006780115,-0.200668659,0.21422889,3.74426079,0.948486225,Atrophy,FLAIR,0.97824773,NA,NA,NA,NA
CT_comp6,FLAIR_median_WMH,0.104046869,-0.090002931,0.298096669,6.368484106,0.290372664,Atrophy,FLAIR,0.696894395,NA,NA,NA,NA
CT_comp6,FLAIR_median_WMH_deep,0.228039575,0.019395639,0.436683511,1.694903182,0.032463176,Atrophy,FLAIR,0.322923168,NA,NA,NA,NA
CT_comp6,FLAIR_median_WMH_PV,0.127364596,-0.071611754,0.326340946,4.675435462,0.207350292,Atrophy,FLAIR,0.617152838,NA,NA,NA,NA
CT_comp6,FLAIR_median_WMH_SWM,0.060432576,-0.141107827,0.261972978,3.842991666,0.553656973,Atrophy,FLAIR,0.833037922,NA,NA,NA,NA
CT_comp7,FLAIR_median_WMH,0.031784952,-0.158458892,0.222028795,6.059428528,0.741253489,Atrophy,FLAIR,0.896055664,NA,NA,NA,NA
CT_comp7,FLAIR_median_WMH_deep,0.182340027,-0.02268106,0.387361113,1.291847025,0.080772418,Atrophy,FLAIR,0.415130646,NA,NA,NA,NA
CT_comp7,FLAIR_median_WMH_PV,0.067911293,-0.127256834,0.263079421,4.34994865,0.491998915,Atrophy,FLAIR,0.822116904,NA,NA,NA,NA
CT_comp7,FLAIR_median_WMH_SWM,-0.00332541,-0.200334934,0.193684113,3.743390338,0.973381741,Atrophy,FLAIR,0.989081447,NA,NA,NA,NA
CT_comp8,FLAIR_median_WMH,0.164486521,-0.023984755,0.352957798,6.933038176,0.086529981,Atrophy,FLAIR,0.422043003,NA,NA,NA,NA
CT_comp8,FLAIR_median_WMH_deep,0.238777999,0.035096051,0.442459948,1.874413602,0.021993663,Atrophy,FLAIR,0.297514623,NA,NA,NA,NA
CT_comp8,FLAIR_median_WMH_PV,0.201328723,0.008742908,0.393914538,5.445747167,0.040624762,Atrophy,FLAIR,0.339229003,NA,NA,NA,NA
CT_comp8,FLAIR_median_WMH_SWM,0.186581851,-0.007979097,0.381142798,4.765078658,0.059991001,Atrophy,FLAIR,0.377268184,NA,NA,NA,NA
TBV,FLAIR_median_WMH,0.031947824,-0.190436802,0.254332451,6.050766119,0.776458669,Atrophy,FLAIR,0.908226338,NA,NA,NA,NA
TBV,FLAIR_median_WMH_deep,0.274176236,0.03671429,0.511638181,1.833287911,0.024028277,Atrophy,FLAIR,0.306103238,NA,NA,NA,NA
TBV,FLAIR_median_WMH_PV,-0.01874106,-0.247305595,0.209823476,4.220999176,0.871244697,Atrophy,FLAIR,0.939601984,NA,NA,NA,NA
TBV,FLAIR_median_WMH_SWM,0.15919536,-0.069150553,0.387541272,4.283205678,0.169938224,Atrophy,FLAIR,0.561018765,NA,NA,NA,NA
ICV,FLAIR_median_WMH,-0.070829543,-0.301235448,0.159576362,6.138707713,0.543721328,Atrophy,FLAIR,0.833037922,NA,NA,NA,NA
ICV,FLAIR_median_WMH_deep,0.094302028,-0.1570656,0.345669655,0.642450143,0.458872024,Atrophy,FLAIR,0.793838101,NA,NA,NA,NA
ICV,FLAIR_median_WMH_PV,-0.130342888,-0.366235129,0.105549354,4.55769756,0.275973139,Atrophy,FLAIR,0.689229927,NA,NA,NA,NA
ICV,FLAIR_median_WMH_SWM,-0.003070259,-0.24194614,0.235805623,3.743257298,0.979729775,Atrophy,FLAIR,0.990208169,NA,NA,NA,NA
TBV_ICV_ratio,FLAIR_median_WMH,0.095113039,-0.075416785,0.265642862,6.396569372,0.271505238,Atrophy,FLAIR,0.689229927,NA,NA,NA,NA
TBV_ICV_ratio,FLAIR_median_WMH_deep,0.178926522,-0.005275588,0.363128632,1.444206199,0.056814177,Atrophy,FLAIR,0.377268184,NA,NA,NA,NA
TBV_ICV_ratio,FLAIR_median_WMH_PV,0.099267745,-0.075928668,0.274464159,4.575435667,0.264006767,Atrophy,FLAIR,0.689229927,NA,NA,NA,NA
TBV_ICV_ratio,FLAIR_median_WMH_SWM,0.165070135,-0.009703639,0.339843909,4.734384962,0.063906247,Atrophy,FLAIR,0.380418288,NA,NA,NA,NA
MoCA_total,FLAIR_median_WMH,-0.174181587,-0.347518642,-0.000844531,7.228414107,0.04891279,Cognition,FLAIR,0.35820254,NA,NA,NA,NA
MoCA_total,FLAIR_median_WMH_deep,0.053771793,-0.138515804,0.246059391,0.579989378,0.580658291,Cognition,FLAIR,0.837517534,NA,NA,NA,NA
MoCA_total,FLAIR_median_WMH_PV,-0.176308553,-0.354511974,0.001894867,5.31718788,0.052444202,Cognition,FLAIR,0.368839868,NA,NA,NA,NA
MoCA_total,FLAIR_median_WMH_SWM,-0.065142822,-0.24727335,0.116987707,3.885238879,0.480025257,Cognition,FLAIR,0.815129772,NA,NA,NA,NA
RBANS_immediate_memory,FLAIR_median_WMH,-0.082151456,-0.254936706,0.090633793,6.295335124,0.348222394,Cognition,FLAIR,0.724510204,NA,NA,NA,NA
RBANS_immediate_memory,FLAIR_median_WMH_deep,-0.058532388,-0.247612806,0.13054803,0.597596078,0.540909817,Cognition,FLAIR,0.833037922,NA,NA,NA,NA
RBANS_immediate_memory,FLAIR_median_WMH_PV,-0.128448915,-0.305073551,0.04817572,4.809796777,0.152406883,Cognition,FLAIR,0.543001064,NA,NA,NA,NA
RBANS_immediate_memory,FLAIR_median_WMH_SWM,-0.037883469,-0.21728962,0.141522682,3.792624483,0.676487588,Cognition,FLAIR,0.888014045,NA,NA,NA,NA
RBANS_visuospatial_memory,FLAIR_median_WMH,-0.153178028,-0.328209996,0.02185394,6.938038064,0.08567804,Cognition,FLAIR,0.420601285,NA,NA,NA,NA
RBANS_visuospatial_memory,FLAIR_median_WMH_deep,-0.051321425,-0.244719076,0.142076225,0.572219361,0.600098654,Cognition,FLAIR,0.851171824,NA,NA,NA,NA
RBANS_visuospatial_memory,FLAIR_median_WMH_PV,-0.160272834,-0.340037116,0.019491447,5.109766461,0.080034932,Cognition,FLAIR,0.415130646,NA,NA,NA,NA
RBANS_visuospatial_memory,FLAIR_median_WMH_SWM,-0.032156722,-0.215622609,0.151309166,3.777213316,0.729050497,Cognition,FLAIR,0.896055664,NA,NA,NA,NA
RBANS_language,FLAIR_median_WMH,-0.101783573,-0.273027354,0.069460208,6.44681251,0.241442094,Cognition,FLAIR,0.668608875,NA,NA,NA,NA
RBANS_language,FLAIR_median_WMH_deep,0.147308895,-0.03879319,0.33341098,1.127627373,0.119630321,Cognition,FLAIR,0.494210507,NA,NA,NA,NA
RBANS_language,FLAIR_median_WMH_PV,-0.102389394,-0.278394292,0.073615503,4.595032014,0.251533522,Cognition,FLAIR,0.680925003,NA,NA,NA,NA
RBANS_language,FLAIR_median_WMH_SWM,-0.023519166,-0.201798246,0.154759913,3.762414258,0.79428769,Cognition,FLAIR,0.915368131,NA,NA,NA,NA
RBANS_attention,FLAIR_median_WMH,0.02433186,-0.151519619,0.200183339,6.048988428,0.784486787,Cognition,FLAIR,0.908226663,NA,NA,NA,NA
RBANS_attention,FLAIR_median_WMH_deep,0.079200274,-0.112299001,0.270699549,0.672717357,0.414296396,Cognition,FLAIR,0.763772135,NA,NA,NA,NA
RBANS_attention,FLAIR_median_WMH_PV,0.004887545,-0.175864843,0.185639933,4.214242512,0.957371461,Cognition,FLAIR,0.982052679,NA,NA,NA,NA
RBANS_attention,FLAIR_median_WMH_SWM,0.081984481,-0.099451772,0.263420734,3.969976967,0.372570468,Cognition,FLAIR,0.739273685,NA,NA,NA,NA
RBANS_delayed_memory,FLAIR_median_WMH,-0.123984783,-0.300514586,0.052545019,6.613498319,0.166815717,Cognition,FLAIR,0.558955481,NA,NA,NA,NA
RBANS_delayed_memory,FLAIR_median_WMH_deep,0.035430436,-0.15884576,0.229706633,0.535107104,0.718541792,Cognition,FLAIR,0.896055664,NA,NA,NA,NA
RBANS_delayed_memory,FLAIR_median_WMH_PV,-0.134639293,-0.315849177,0.04657059,4.835924283,0.143794927,Cognition,FLAIR,0.530287633,NA,NA,NA,NA
RBANS_delayed_memory,FLAIR_median_WMH_SWM,-0.047718234,-0.231782375,0.136345906,3.81776259,0.608522789,Cognition,FLAIR,0.854091287,NA,NA,NA,NA
RBANS_total,FLAIR_median_WMH,-0.118286593,-0.295656689,0.059083503,6.555702294,0.189093052,Cognition,FLAIR,0.59056372,NA,NA,NA,NA
RBANS_total,FLAIR_median_WMH_deep,0.044190142,-0.150787719,0.239168003,0.553190775,0.654278365,Cognition,FLAIR,0.873912445,NA,NA,NA,NA
RBANS_total,FLAIR_median_WMH_PV,-0.13999616,-0.321790758,0.041798437,4.882122361,0.129887411,Cognition,FLAIR,0.500994299,NA,NA,NA,NA
RBANS_total,FLAIR_median_WMH_SWM,-0.021378768,-0.206338365,0.16358083,3.757920663,0.819285181,Cognition,FLAIR,0.919207468,NA,NA,NA,NA
AD8,FLAIR_median_WMH,0.121732646,-0.05055946,0.294024752,6.620548908,0.164312931,Cognition,FLAIR,0.557042942,NA,NA,NA,NA
AD8,FLAIR_median_WMH_deep,-0.11278415,-0.301357396,0.075789097,0.859140703,0.238531951,Cognition,FLAIR,0.667889464,NA,NA,NA,NA
AD8,FLAIR_median_WMH_PV,0.134324836,-0.042477085,0.311126756,4.864300406,0.135063575,Cognition,FLAIR,0.510540312,NA,NA,NA,NA
AD8,FLAIR_median_WMH_SWM,0.01852252,-0.161317686,0.198362726,3.754862041,0.838681212,Cognition,FLAIR,0.92291557,NA,NA,NA,NA
Group,FLAIR_median_WMH,,,,4.563505769,0.004708115,Demo,FLAIR,0.133484054,0.004708115,NA,NA,NA
Group,FLAIR_median_WMH_deep,,,,0.619400409,0.603883473,Demo,FLAIR,0.852340876,NA,NA,NA,NA
Group,FLAIR_median_WMH_PV,,,,3.767395036,0.012793074,Demo,FLAIR,0.239562252,NA,NA,NA,NA
Group,FLAIR_median_WMH_SWM,,,,3.299705698,0.023071475,Demo,FLAIR,0.300724748,NA,NA,NA,NA
BMI,FLAIR_median_WMH,-0.0063467,-0.177598865,0.164905464,6.027829674,0.941598815,Demo,FLAIR,0.973801237,NA,NA,NA,NA
BMI,FLAIR_median_WMH_deep,-0.096607402,-0.282724705,0.0895099,0.770972083,0.305973958,Demo,FLAIR,0.710620274,NA,NA,NA,NA
BMI,FLAIR_median_WMH_PV,0.01159754,-0.16436201,0.187557089,4.218316614,0.896339657,Demo,FLAIR,0.955758506,NA,NA,NA,NA
BMI,FLAIR_median_WMH_SWM,-0.10231774,-0.278550672,0.073915192,4.11766123,0.252474071,Demo,FLAIR,0.680925003,NA,NA,NA,NA
APOE4_status,FLAIR_median_WMH,,,,1.60096603,0.206282581,Demo,FLAIR,0.616401704,NA,NA,NA,NA
APOE4_status,FLAIR_median_WMH_deep,,,,0.836652455,0.435846951,Demo,FLAIR,0.768214885,NA,NA,NA,NA
APOE4_status,FLAIR_median_WMH_PV,,,,1.286964998,0.280158566,Demo,FLAIR,0.689229927,NA,NA,NA,NA
APOE4_status,FLAIR_median_WMH_SWM,,,,0.085572371,0.918046665,Demo,FLAIR,0.966634093,NA,NA,NA,NA
High_BP,FLAIR_median_WMH,,,,8.388194048,0.004535454,Risk Factors,FLAIR,0.133484054,0.004535454,NA,NA,NA
High_BP,FLAIR_median_WMH_deep,,,,1.043237567,0.309251415,Risk Factors,FLAIR,0.710620274,NA,NA,NA,NA
High_BP,FLAIR_median_WMH_PV,,,,8.293058592,0.004761844,Risk Factors,FLAIR,0.133484054,0.004761844,NA,NA,NA
High_BP,FLAIR_median_WMH_SWM,,,,3.217475043,0.075530392,Risk Factors,FLAIR,0.410938245,NA,NA,NA,NA
High_chol,FLAIR_median_WMH,,,,6.922127834,0.009701636,Risk Factors,FLAIR,0.222303681,0.009701636,NA,NA,NA
High_chol,FLAIR_median_WMH_deep,,,,0.06691065,0.796359735,Risk Factors,FLAIR,0.915460234,NA,NA,NA,NA
High_chol,FLAIR_median_WMH_PV,,,,5.212592669,0.024293908,Risk Factors,FLAIR,0.306103238,NA,NA,NA,NA
High_chol,FLAIR_median_WMH_SWM,,,,3.006339788,0.08566671,Risk Factors,FLAIR,0.420601285,NA,NA,NA,NA
Diabetes,FLAIR_median_WMH,,,,0.270379937,0.604094206,Risk Factors,FLAIR,0.852340876,NA,NA,NA,NA
Diabetes,FLAIR_median_WMH_deep,,,,1.20799264,0.274066207,Risk Factors,FLAIR,0.689229927,NA,NA,NA,NA
Diabetes,FLAIR_median_WMH_PV,,,,0.153905387,0.695569796,Risk Factors,FLAIR,0.888014045,NA,NA,NA,NA
Diabetes,FLAIR_median_WMH_SWM,,,,0.192303523,0.66184354,Risk Factors,FLAIR,0.87935776,NA,NA,NA,NA
Alcohol,FLAIR_median_WMH,,,,1.025016066,0.313495074,Risk Factors,FLAIR,0.71154094,NA,NA,NA,NA
Alcohol,FLAIR_median_WMH_deep,,,,1.208174017,0.274030378,Risk Factors,FLAIR,0.689229927,NA,NA,NA,NA
Alcohol,FLAIR_median_WMH_PV,,,,1.265507553,0.262994978,Risk Factors,FLAIR,0.689229927,NA,NA,NA,NA
Alcohol,FLAIR_median_WMH_SWM,,,,0.043716296,0.834758789,Risk Factors,FLAIR,0.92291557,NA,NA,NA,NA
Smoking,FLAIR_median_WMH,,,,5.105742237,0.025763978,Risk Factors,FLAIR,0.309167732,NA,NA,NA,NA
Smoking,FLAIR_median_WMH_deep,,,,0.089593186,0.765244804,Risk Factors,FLAIR,0.90536005,NA,NA,NA,NA
Smoking,FLAIR_median_WMH_PV,,,,5.356812875,0.022448295,Risk Factors,FLAIR,0.297735287,NA,NA,NA,NA
Smoking,FLAIR_median_WMH_SWM,,,,5.770930466,0.017923038,Risk Factors,FLAIR,0.284900602,NA,NA,NA,NA
CT_comp1,qT1_median_WMH,-0.105593441,-0.287762163,0.076575281,5.466989751,0.25323527,Atrophy,T1,0.680925003,NA,NA,NA,NA
CT_comp1,qT1_median_WMH_deep,0.159607161,-0.022523378,0.341737699,5.481128679,0.085258375,Atrophy,T1,0.420601285,NA,NA,NA,NA
CT_comp1,qT1_median_WMH_PV,-0.092596549,-0.283936698,0.0987436,2.312171036,0.339723453,Atrophy,T1,0.720238176,NA,NA,NA,NA
CT_comp1,qT1_median_WMH_SWM,0.120106168,-0.052571507,0.292783843,9.275287918,0.170922106,Atrophy,T1,0.561588577,NA,NA,NA,NA
CT_comp2,qT1_median_WMH,-0.079150454,-0.260662274,0.102361366,5.298157742,0.389463045,Atrophy,T1,0.754776963,NA,NA,NA,NA
CT_comp2,qT1_median_WMH_deep,0.045732231,-0.137486954,0.228951417,4.67582033,0.62190578,Atrophy,T1,0.861531834,NA,NA,NA,NA
CT_comp2,qT1_median_WMH_PV,-0.024455259,-0.215345046,0.166434528,2.082842776,0.800101396,Atrophy,T1,0.915460234,NA,NA,NA,NA
CT_comp2,qT1_median_WMH_SWM,0.100984465,-0.071048788,0.273017717,9.096826047,0.247294248,Atrophy,T1,0.677371201,NA,NA,NA,NA
CT_comp3,qT1_median_WMH,-0.064527984,-0.255856951,0.126800982,5.209707497,0.50538327,Atrophy,T1,0.824008611,NA,NA,NA,NA
CT_comp3,qT1_median_WMH_deep,0.092077807,-0.100240562,0.284396176,4.866319031,0.344875952,Atrophy,T1,0.720238176,NA,NA,NA,NA
CT_comp3,qT1_median_WMH_PV,-0.013911395,-0.214900662,0.187077873,2.070604614,0.891174727,Atrophy,T1,0.954529396,NA,NA,NA,NA
CT_comp3,qT1_median_WMH_SWM,0.032465448,-0.149613133,0.214544029,8.695867797,0.724556506,Atrophy,T1,0.896055664,NA,NA,NA,NA
CT_comp4,qT1_median_WMH,-0.137146153,-0.320110909,0.045818603,5.728475795,0.140315761,Atrophy,T1,0.519993702,NA,NA,NA,NA
CT_comp4,qT1_median_WMH_deep,0.146652487,-0.037396591,0.330701565,5.329287858,0.117216753,Atrophy,T1,0.486900359,NA,NA,NA,NA
CT_comp4,qT1_median_WMH_PV,-0.134807538,-0.326874321,0.057259246,2.584311038,0.167095157,Atrophy,T1,0.558955481,NA,NA,NA,NA
CT_comp4,qT1_median_WMH_SWM,0.106643448,-0.067788069,0.281074965,9.134266155,0.228327215,Atrophy,T1,0.653846115,NA,NA,NA,NA
CT_comp5,qT1_median_WMH,-0.19086287,-0.390981343,0.009255603,6.131076277,0.061380935,Atrophy,T1,0.377268184,NA,NA,NA,NA
CT_comp5,qT1_median_WMH_deep,0.030690996,-0.173943304,0.235325296,4.630390615,0.766907524,Atrophy,T1,0.90572497,NA,NA,NA,NA
CT_comp5,qT1_median_WMH_PV,-0.138996092,-0.350530824,0.072538641,2.520209749,0.195631662,Atrophy,T1,0.593966011,NA,NA,NA,NA
CT_comp5,qT1_median_WMH_SWM,0.012451891,-0.180688141,0.205591922,8.660440989,0.898591051,Atrophy,T1,0.956809627,NA,NA,NA,NA
CT_comp6,qT1_median_WMH,-0.067215898,-0.264589652,0.130157857,5.212288584,0.501248505,Atrophy,T1,0.824008611,NA,NA,NA,NA
CT_comp6,qT1_median_WMH_deep,0.104279806,-0.093960157,0.30251977,4.920500769,0.299563568,Atrophy,T1,0.70114569,NA,NA,NA,NA
CT_comp6,qT1_median_WMH_PV,-0.036177083,-0.243431947,0.17107778,2.097644286,0.730119362,Atrophy,T1,0.896055664,NA,NA,NA,NA
CT_comp6,qT1_median_WMH_SWM,0.008192963,-0.179742881,0.196128808,8.657549002,0.931326335,Atrophy,T1,0.972336794,NA,NA,NA,NA
CT_comp7,qT1_median_WMH,-0.092292623,-0.28454923,0.099963984,5.344807663,0.343601701,Atrophy,T1,0.720238176,NA,NA,NA,NA
CT_comp7,qT1_median_WMH_deep,0.105658312,-0.087751751,0.299068375,4.945298199,0.281422366,Atrophy,T1,0.689229927,NA,NA,NA,NA
CT_comp7,qT1_median_WMH_PV,-0.05853721,-0.260630853,0.143556433,2.153907396,0.567205302,Atrophy,T1,0.833037922,NA,NA,NA,NA
CT_comp7,qT1_median_WMH_SWM,0.02840685,-0.154948301,0.211762002,8.685881958,0.759453685,Atrophy,T1,0.901270503,NA,NA,NA,NA
CT_comp8,qT1_median_WMH,-0.16761513,-0.358724089,0.023493829,5.968549029,0.085001254,Atrophy,T1,0.420601285,NA,NA,NA,NA
CT_comp8,qT1_median_WMH_deep,0.185067538,-0.006893504,0.37702858,5.66544242,0.058663696,Atrophy,T1,0.377268184,NA,NA,NA,NA
CT_comp8,qT1_median_WMH_PV,-0.148057461,-0.349212439,0.053097517,2.636031801,0.1475533,Atrophy,T1,0.537998045,NA,NA,NA,NA
CT_comp8,qT1_median_WMH_SWM,0.085074945,-0.098262201,0.268412091,8.931144204,0.359877098,Atrophy,T1,0.734018133,NA,NA,NA,NA
TBV,qT1_median_WMH,-0.139462862,-0.363567202,0.084641478,5.526357237,0.220167126,Atrophy,T1,0.647651155,NA,NA,NA,NA
TBV,qT1_median_WMH_deep,0.283276497,0.062269136,0.504283859,6.479606662,0.012464177,Atrophy,T1,0.239562252,NA,NA,NA,NA
TBV,qT1_median_WMH_PV,-0.159270163,-0.393950825,0.0754105,2.550568541,0.181459218,Atrophy,T1,0.583758166,NA,NA,NA,NA
TBV,qT1_median_WMH_SWM,0.154320605,-0.058135834,0.366777043,9.331451344,0.152898599,Atrophy,T1,0.543001064,NA,NA,NA,NA
ICV,qT1_median_WMH,-0.222214213,-0.452564379,0.008135954,6.155352004,0.058511486,Atrophy,T1,0.377268184,NA,NA,NA,NA
ICV,qT1_median_WMH_deep,0.074019618,-0.161299734,0.309338971,4.717633694,0.534422289,Atrophy,T1,0.833037922,NA,NA,NA,NA
ICV,qT1_median_WMH_PV,-0.265580554,-0.50593356,-0.025227548,3.351227298,0.030644136,Atrophy,T1,0.316255053,NA,NA,NA,NA
ICV,qT1_median_WMH_SWM,0.037883947,-0.184415979,0.260183874,8.692342331,0.736269065,Atrophy,T1,0.896055664,NA,NA,NA,NA
TBV_ICV_ratio,qT1_median_WMH,0.06604097,-0.107393226,0.239475166,5.245885184,0.452177268,Atrophy,T1,0.785852908,NA,NA,NA,NA
TBV_ICV_ratio,qT1_median_WMH_deep,0.225738061,0.055748647,0.395727475,6.617207698,0.009703732,Atrophy,T1,0.222303681,0.009703732,NA,0.225738061,NA
TBV_ICV_ratio,qT1_median_WMH_PV,0.090871981,-0.090644242,0.272388205,2.32947509,0.323398082,Atrophy,T1,0.712052548,NA,NA,NA,NA
TBV_ICV_ratio,qT1_median_WMH_SWM,0.116528374,-0.047267455,0.280324203,9.30391722,0.161445279,Atrophy,T1,0.557042942,NA,NA,NA,NA
MoCA_total,qT1_median_WMH,-0.072173192,-0.250508285,0.106161902,5.267637601,0.424354696,Cognition,T1,0.765661456,NA,NA,NA,NA
MoCA_total,qT1_median_WMH_deep,0.070893857,-0.108746154,0.250533868,4.782457461,0.435931463,Cognition,T1,0.768214885,NA,NA,NA,NA
MoCA_total,qT1_median_WMH_PV,-0.030441989,-0.217873169,0.15698919,2.093337749,0.748216002,Cognition,T1,0.899286641,NA,NA,NA,NA
MoCA_total,qT1_median_WMH_SWM,-0.040421296,-0.210207799,0.129365207,8.727768565,0.638077358,Cognition,T1,0.867106605,NA,NA,NA,NA
RBANS_immediate_memory,qT1_median_WMH,-0.039331064,-0.21509071,0.136428583,5.136000467,0.658364818,Cognition,T1,0.877819758,NA,NA,NA,NA
RBANS_immediate_memory,qT1_median_WMH_deep,-0.052447,-0.229352175,0.124458175,4.70502638,0.558133987,Cognition,T1,0.833037922,NA,NA,NA,NA
RBANS_immediate_memory,qT1_median_WMH_PV,-0.039172736,-0.223473905,0.145128432,2.113131465,0.674485743,Cognition,T1,0.888014045,NA,NA,NA,NA
RBANS_immediate_memory,qT1_median_WMH_SWM,-0.06551923,-0.232242557,0.101204096,8.853083488,0.437861655,Cognition,T1,0.769821886,NA,NA,NA,NA
RBANS_visuospatial_memory,qT1_median_WMH,-0.077268675,-0.256541052,0.102003701,5.293089153,0.394959266,Cognition,T1,0.754776963,NA,NA,NA,NA
RBANS_visuospatial_memory,qT1_median_WMH_deep,0.067131819,-0.113576258,0.247839896,4.762216056,0.463258796,Cognition,T1,0.797775967,NA,NA,NA,NA
RBANS_visuospatial_memory,qT1_median_WMH_PV,-0.059271635,-0.247521927,0.128978656,2.169949676,0.534025668,Cognition,T1,0.833037922,NA,NA,NA,NA
RBANS_visuospatial_memory,qT1_median_WMH_SWM,-0.070811231,-0.241212573,0.099590112,8.876480534,0.412076903,Cognition,T1,0.76168738,NA,NA,NA,NA
RBANS_language,qT1_median_WMH,-0.033787659,-0.208399039,0.140823721,5.121375403,0.70217132,Cognition,T1,0.888014045,NA,NA,NA,NA
RBANS_language,qT1_median_WMH_deep,-0.021948872,-0.197880267,0.153982522,4.622482766,0.805226438,Cognition,T1,0.915460234,NA,NA,NA,NA
RBANS_language,qT1_median_WMH_PV,0.02660378,-0.156529673,0.209737233,2.087782139,0.77402251,Cognition,T1,0.908226338,NA,NA,NA,NA
RBANS_language,qT1_median_WMH_SWM,-0.015655991,-0.181671729,0.150359747,8.666513133,0.852126018,Cognition,T1,0.92825255,NA,NA,NA,NA
RBANS_attention,qT1_median_WMH,-0.197255972,-0.371821471,-0.022690472,6.556193566,0.027134346,Cognition,T1,0.316255053,NA,NA,NA,NA
RBANS_attention,qT1_median_WMH_deep,0.005133128,-0.174539383,0.18480564,4.605651694,0.954962959,Cognition,T1,0.980913039,NA,NA,NA,NA
RBANS_attention,qT1_median_WMH_PV,-0.158595731,-0.343293877,0.026102415,2.841973492,0.091657403,Cognition,T1,0.438563272,NA,NA,NA,NA
RBANS_attention,qT1_median_WMH_SWM,0.072156241,-0.096838299,0.241150781,8.888812697,0.399389506,Cognition,T1,0.754846167,NA,NA,NA,NA
RBANS_delayed_memory,qT1_median_WMH,-0.119121861,-0.298302192,0.060058469,5.589689303,0.190463263,Cognition,T1,0.59056372,NA,NA,NA,NA
RBANS_delayed_memory,qT1_median_WMH_deep,-0.042117531,-0.223794401,0.139559339,4.666053181,0.646908031,Cognition,T1,0.868570155,NA,NA,NA,NA
RBANS_delayed_memory,qT1_median_WMH_PV,-0.101622694,-0.289981638,0.08673625,2.372069574,0.287402302,Cognition,T1,0.694172973,NA,NA,NA,NA
RBANS_delayed_memory,qT1_median_WMH_SWM,-0.052628262,-0.223925138,0.118668613,8.776115536,0.543953992,Cognition,T1,0.833037922,NA,NA,NA,NA
RBANS_total,qT1_median_WMH,-0.127515249,-0.307210014,0.052179516,5.660981025,0.162501138,Cognition,T1,0.557042942,NA,NA,NA,NA
RBANS_total,qT1_median_WMH_deep,-0.007114914,-0.189670555,0.175440728,4.606453694,0.938589525,Cognition,T1,0.972336794,NA,NA,NA,NA
RBANS_total,qT1_median_WMH_PV,-0.0918824,-0.281161493,0.097396694,2.31369869,0.338238118,Cognition,T1,0.720238176,NA,NA,NA,NA
RBANS_total,qT1_median_WMH_SWM,-0.035403848,-0.207528652,0.136720956,8.709346582,0.684409416,Cognition,T1,0.888014045,NA,NA,NA,NA
AD8,qT1_median_WMH,0.145580019,-0.028552969,0.319713007,5.887163652,0.100430979,Cognition,T1,0.457680907,NA,NA,NA,NA
AD8,qT1_median_WMH_deep,-0.108510273,-0.284853412,0.067832865,5.036827861,0.225348183,Cognition,T1,0.653728941,NA,NA,NA,NA
AD8,qT1_median_WMH_PV,0.131871523,-0.051269686,0.315012732,2.611525304,0.1564649,Cognition,T1,0.550174254,NA,NA,NA,NA
AD8,qT1_median_WMH_SWM,0.002521549,-0.164953376,0.169996474,8.655403366,0.976255891,Cognition,T1,0.990208169,NA,NA,NA,NA
Group,qT1_median_WMH,,,,2.337366386,0.077522367,Demo,T1,0.412724712,NA,NA,NA,NA
Group,qT1_median_WMH_deep,,,,0.671502519,0.571288471,Demo,T1,0.833037922,NA,NA,NA,NA
Group,qT1_median_WMH_PV,,,,0.517220197,0.671277722,Demo,T1,0.887213213,NA,NA,NA,NA
Group,qT1_median_WMH_SWM,,,,3.383307313,0.020761948,Demo,T1,0.297514623,NA,NA,NA,NA
BMI,qT1_median_WMH,0.060053332,-0.113260892,0.233367556,5.21701974,0.493817694,Demo,T1,0.822116904,NA,NA,NA,NA
BMI,qT1_median_WMH_deep,-0.0839868,-0.258206798,0.090233199,4.869932371,0.341578974,Demo,T1,0.720238176,NA,NA,NA,NA
BMI,qT1_median_WMH_PV,0.053468923,-0.128358199,0.235296045,2.156618515,0.561326678,Demo,T1,0.833037922,NA,NA,NA,NA
BMI,qT1_median_WMH_SWM,-0.041749566,-0.206609938,0.123110806,8.737323308,0.616842016,Demo,T1,0.860392185,NA,NA,NA,NA
APOE4_status,qT1_median_WMH,,,,0.264654917,0.767949346,Demo,T1,0.90572497,NA,NA,NA,NA
APOE4_status,qT1_median_WMH_deep,,,,3.104404183,0.048732452,Demo,T1,0.35820254,NA,NA,NA,NA
APOE4_status,qT1_median_WMH_PV,,,,0.382197824,0.683246562,Demo,T1,0.888014045,NA,NA,NA,NA
APOE4_status,qT1_median_WMH_SWM,,,,1.148120665,0.320937261,Demo,T1,0.712052548,NA,NA,NA,NA
High_BP,qT1_median_WMH,,,,4.00496874,0.047763019,Risk Factors,T1,0.35751329,NA,NA,NA,NA
High_BP,qT1_median_WMH_deep,,,,1.106748813,0.295034269,Risk Factors,T1,0.70114569,NA,NA,NA,NA
High_BP,qT1_median_WMH_PV,,,,2.311096677,0.131246616,Risk Factors,T1,0.501123442,NA,NA,NA,NA
High_BP,qT1_median_WMH_SWM,,,,8.828602469,0.003623648,Risk Factors,T1,0.126658738,0.003623648,NA,NA,NA
High_chol,qT1_median_WMH,,,,17.36994701,6.05E-05,Risk Factors,T1,0.009146326,6.05E-05,0.009146326,NA,NA
High_chol,qT1_median_WMH_deep,,,,0.012141901,0.912453921,Risk Factors,T1,0.962156422,NA,NA,NA,NA
High_chol,qT1_median_WMH_PV,,,,10.42227736,0.001629957,Risk Factors,T1,0.086346212,0.001629957,0.086346212,NA,NA
High_chol,qT1_median_WMH_SWM,,,,8.264473401,0.004832127,Risk Factors,T1,0.133484054,0.004832127,NA,NA,NA
Diabetes,qT1_median_WMH,,,,5.39978402,0.021927368,Risk Factors,T1,0.297514623,NA,NA,NA,NA
Diabetes,qT1_median_WMH_deep,,,,1.721939378,0.192102905,Risk Factors,T1,0.59056372,NA,NA,NA,NA
Diabetes,qT1_median_WMH_PV,,,,4.665244981,0.032891876,Risk Factors,T1,0.322938423,NA,NA,NA,NA
Diabetes,qT1_median_WMH_SWM,,,,6.567439102,0.011700947,Risk Factors,T1,0.239078815,NA,NA,NA,NA
Alcohol,qT1_median_WMH,,,,1.053552473,0.306882536,Risk Factors,T1,0.710620274,NA,NA,NA,NA
Alcohol,qT1_median_WMH_deep,,,,0.470285603,0.494260371,Risk Factors,T1,0.822116904,NA,NA,NA,NA
Alcohol,qT1_median_WMH_PV,,,,1.092465142,0.298156393,Risk Factors,T1,0.70114569,NA,NA,NA,NA
Alcohol,qT1_median_WMH_SWM,,,,0.156543316,0.693105146,Risk Factors,T1,0.888014045,NA,NA,NA,NA
Smoking,qT1_median_WMH,,,,0.003718561,0.951482858,Risk Factors,T1,0.980001418,NA,NA,NA,NA
Smoking,qT1_median_WMH_deep,,,,0.322256652,0.571380791,Risk Factors,T1,0.833037922,NA,NA,NA,NA
Smoking,qT1_median_WMH_PV,,,,0.008549116,0.926495159,Risk Factors,T1,0.971470652,NA,NA,NA,NA
Smoking,qT1_median_WMH_SWM,,,,1.960775248,0.164170207,Risk Factors,T1,0.557042942,NA,NA,NA,NA
CT_comp1,T1w_median_WMH,0.141716773,-0.050550548,0.333984094,2.018121504,0.146984519,Atrophy,T1w,0.537998045,NA,NA,NA,NA
CT_comp1,T1w_median_WMH_deep,-0.085867381,-0.281427886,0.109693124,1.007291466,0.386197252,Atrophy,T1w,0.754431841,NA,NA,NA,NA
CT_comp1,T1w_median_WMH_PV,0.127286269,-0.067376954,0.321949493,1.277630389,0.197804195,Atrophy,T1w,0.59577678,NA,NA,NA,NA
CT_comp1,T1w_median_WMH_SWM,-0.101929691,-0.294492143,0.090632761,1.925411505,0.296551969,Atrophy,T1w,0.70114569,NA,NA,NA,NA
CT_comp2,T1w_median_WMH,0.07878748,-0.113541219,0.271116178,1.630668906,0.418732733,Atrophy,T1w,0.765661456,NA,NA,NA,NA
CT_comp2,T1w_median_WMH_deep,-0.023582869,-0.218549908,0.17138417,0.827436065,0.811043433,Atrophy,T1w,0.917752066,NA,NA,NA,NA
CT_comp2,T1w_median_WMH_PV,0.037704406,-0.157075303,0.232484116,0.883393394,0.702065043,Atrophy,T1w,0.888014045,NA,NA,NA,NA
CT_comp2,T1w_median_WMH_SWM,-0.147129014,-0.337480279,0.043222251,2.254714621,0.128484615,Atrophy,T1w,0.500766882,NA,NA,NA,NA
CT_comp3,T1w_median_WMH,-0.007315333,-0.210363433,0.195732767,1.458842555,0.943223773,Atrophy,T1w,0.974149143,NA,NA,NA,NA
CT_comp3,T1w_median_WMH_deep,-0.111821182,-0.316053584,0.092411219,1.115290597,0.280348131,Atrophy,T1w,0.689229927,NA,NA,NA,NA
CT_comp3,T1w_median_WMH_PV,-0.04833693,-0.253316075,0.156642216,0.901723403,0.641263676,Atrophy,T1w,0.868570155,NA,NA,NA,NA
CT_comp3,T1w_median_WMH_SWM,-0.123376555,-0.324516765,0.077763656,2.025114311,0.226812143,Atrophy,T1w,0.653728941,NA,NA,NA,NA
CT_comp4,T1w_median_WMH,0.214546491,0.023000128,0.406092854,2.752088694,0.028479514,Atrophy,T1w,0.316255053,NA,NA,NA,NA
CT_comp4,T1w_median_WMH_deep,-0.101712264,-0.298636294,0.095211767,1.081977314,0.308356558,Atrophy,T1w,0.710620274,NA,NA,NA,NA
CT_comp4,T1w_median_WMH_PV,0.20206894,0.007966076,0.396171805,1.940818371,0.041453762,Atrophy,T1w,0.34064178,NA,NA,NA,NA
CT_comp4,T1w_median_WMH_SWM,-0.091774006,-0.286117705,0.102569694,1.86603853,0.351493079,Atrophy,T1w,0.724510204,NA,NA,NA,NA
CT_comp5,T1w_median_WMH,0.173670379,-0.039167549,0.386508307,2.144554516,0.108754546,Atrophy,T1w,0.472519751,NA,NA,NA,NA
CT_comp5,T1w_median_WMH_deep,-0.070338941,-0.287604087,0.146926205,0.918473747,0.522560892,Atrophy,T1w,0.831151781,NA,NA,NA,NA
CT_comp5,T1w_median_WMH_PV,0.142452823,-0.073458322,0.358363968,1.285457871,0.193820934,Atrophy,T1w,0.590841236,NA,NA,NA,NA
CT_comp5,T1w_median_WMH_SWM,-0.124983094,-0.338361778,0.08839559,1.990694623,0.248313811,Atrophy,T1w,0.677582904,NA,NA,NA,NA
CT_comp6,T1w_median_WMH,0.061954309,-0.147203153,0.271111772,1.548041409,0.558479549,Atrophy,T1w,0.833037922,NA,NA,NA,NA
CT_comp6,T1w_median_WMH_deep,-0.14768521,-0.357676086,0.062305665,1.311985347,0.166248303,Atrophy,T1w,0.558955481,NA,NA,NA,NA
CT_comp6,T1w_median_WMH_PV,0.051431562,-0.160018761,0.262881886,0.905315002,0.630818096,Atrophy,T1w,0.866050577,NA,NA,NA,NA
CT_comp6,T1w_median_WMH_SWM,-0.089560427,-0.29774684,0.118625986,1.826665131,0.395855498,Atrophy,T1w,0.754776963,NA,NA,NA,NA
CT_comp7,T1w_median_WMH,0.048552716,-0.155695596,0.252801027,1.515813544,0.638581029,Atrophy,T1w,0.867106605,NA,NA,NA,NA
CT_comp7,T1w_median_WMH_deep,-0.0998783,-0.305742778,0.105986178,1.05028704,0.33850393,Atrophy,T1w,0.720238176,NA,NA,NA,NA
CT_comp7,T1w_median_WMH_PV,0.032934143,-0.173562257,0.239430544,0.871231352,0.752601514,Atrophy,T1w,0.90111349,NA,NA,NA,NA
CT_comp7,T1w_median_WMH_SWM,-0.081208612,-0.284488071,0.122070848,1.800223868,0.430329948,Atrophy,T1w,0.768214885,NA,NA,NA,NA
CT_comp8,T1w_median_WMH,0.249604872,0.049843873,0.449365872,3.068595566,0.014787857,Atrophy,T1w,0.251386733,NA,NA,NA,NA
CT_comp8,T1w_median_WMH_deep,-0.125139371,-0.331192786,0.080914043,1.185000776,0.231413335,Atrophy,T1w,0.657486841,NA,NA,NA,NA
CT_comp8,T1w_median_WMH_PV,0.232547005,0.029877365,0.435216645,2.176100206,0.024901326,Atrophy,T1w,0.30861315,NA,NA,NA,NA
CT_comp8,T1w_median_WMH_SWM,-0.088043306,-0.291881611,0.115794999,1.828216706,0.393960401,Atrophy,T1w,0.754776963,NA,NA,NA,NA
TBV,T1w_median_WMH,0.173645062,-0.06311241,0.410402535,2.012580157,0.148979245,Atrophy,T1w,0.537998045,NA,NA,NA,NA
TBV,T1w_median_WMH_deep,-0.348344985,-0.58105403,-0.115635941,3.074692455,0.003685836,Atrophy,T1w,0.126658738,0.003685836,NA,-0.348344985,NA
TBV,T1w_median_WMH_PV,0.192775376,-0.045995764,0.431546517,1.504295758,0.112494117,Atrophy,T1w,0.476947502,NA,NA,NA,NA
TBV,T1w_median_WMH_SWM,-0.191699165,-0.427255283,0.043856952,2.322050481,0.109682973,Atrophy,T1w,0.473830443,NA,NA,NA,NA
ICV,T1w_median_WMH,0.203712525,-0.041258204,0.448683254,2.1710834,0.102231705,Atrophy,T1w,0.457680907,NA,NA,NA,NA
ICV,T1w_median_WMH_deep,-0.173429636,-0.421967068,0.075107796,1.304216615,0.169553886,Atrophy,T1w,0.561018765,NA,NA,NA,NA
ICV,T1w_median_WMH_PV,0.229989012,-0.016805156,0.47678318,1.723211614,0.067469463,Atrophy,T1w,0.388684787,NA,NA,NA,NA
ICV,T1w_median_WMH_SWM,-0.098717809,-0.345192036,0.147756417,1.801077027,0.429148488,Atrophy,T1w,0.768214885,NA,NA,NA,NA
TBV_ICV_ratio,T1w_median_WMH,-0.015372549,-0.199511143,0.168766045,1.464694973,0.868927817,Atrophy,T1w,0.938494267,NA,NA,NA,NA
TBV_ICV_ratio,T1w_median_WMH_deep,-0.20255849,-0.384883893,-0.020233088,2.058647681,0.029766612,Atrophy,T1w,0.316255053,NA,NA,NA,NA
TBV_ICV_ratio,T1w_median_WMH_PV,-0.025827139,-0.211852446,0.160198169,0.865004322,0.783772033,Atrophy,T1w,0.908226663,NA,NA,NA,NA
TBV_ICV_ratio,T1w_median_WMH_SWM,-0.103005007,-0.285613205,0.079603191,1.9648456,0.26613498,Atrophy,T1w,0.689229927,NA,NA,NA,NA
MoCA_total,T1w_median_WMH,0.007895669,-0.181524986,0.197316324,1.45929608,0.934329987,Cognition,T1w,0.972336794,NA,NA,NA,NA
MoCA_total,T1w_median_WMH_deep,-0.090076565,-0.28085567,0.100702539,1.037710025,0.351568433,Cognition,T1w,0.724510204,NA,NA,NA,NA
MoCA_total,T1w_median_WMH_PV,-0.044863745,-0.236089178,0.146361689,0.901151897,0.642963135,Cognition,T1w,0.868570155,NA,NA,NA,NA
MoCA_total,T1w_median_WMH_SWM,-0.033953518,-0.222711873,0.154804837,1.668144974,0.722227117,Cognition,T1w,0.896055664,NA,NA,NA,NA
RBANS_immediate_memory,T1w_median_WMH,-0.054947708,-0.240989847,0.131094432,1.54751762,0.559617998,Cognition,T1w,0.833037922,NA,NA,NA,NA
RBANS_immediate_memory,T1w_median_WMH_deep,-0.031708016,-0.219994801,0.15657877,0.841295042,0.739272374,Cognition,T1w,0.896055664,NA,NA,NA,NA
RBANS_immediate_memory,T1w_median_WMH_PV,-0.065217068,-0.253097411,0.122663275,0.967297928,0.493046007,Cognition,T1w,0.822116904,NA,NA,NA,NA
RBANS_immediate_memory,T1w_median_WMH_SWM,-0.026223356,-0.211930069,0.159483358,1.655256235,0.780173558,Cognition,T1w,0.908226338,NA,NA,NA,NA
RBANS_visuospatial_memory,T1w_median_WMH,0.022446643,-0.168001646,0.212894931,1.471837729,0.815790876,Cognition,T1w,0.917764735,NA,NA,NA,NA
RBANS_visuospatial_memory,T1w_median_WMH_deep,-0.20056179,-0.38949559,-0.011627991,1.950246663,0.037675354,Cognition,T1w,0.339078187,NA,NA,NA,NA
RBANS_visuospatial_memory,T1w_median_WMH_PV,-0.018705695,-0.211161303,0.173749914,0.855070972,0.8476488,Cognition,T1w,0.92825255,NA,NA,NA,NA
RBANS_visuospatial_memory,T1w_median_WMH_SWM,-0.096076957,-0.285160077,0.093006163,1.90256679,0.316240418,Cognition,T1w,0.71154094,NA,NA,NA,NA
RBANS_language,T1w_median_WMH,0.002481043,-0.18258433,0.187546416,1.45768863,0.978857278,Cognition,T1w,0.990208169,NA,NA,NA,NA
RBANS_language,T1w_median_WMH_deep,-0.06001412,-0.246787298,0.126759057,0.916893863,0.525676403,Cognition,T1w,0.831151781,NA,NA,NA,NA
RBANS_language,T1w_median_WMH_PV,-0.056712691,-0.24341585,0.129990468,0.938774514,0.548512424,Cognition,T1w,0.833037922,NA,NA,NA,NA
RBANS_language,T1w_median_WMH_SWM,-0.073527781,-0.257535121,0.11047956,1.800306071,0.430215896,Cognition,T1w,0.768214885,NA,NA,NA,NA
RBANS_attention,T1w_median_WMH,0.180550134,-0.00538237,0.366482637,2.430520848,0.056891457,Cognition,T1w,0.377268184,NA,NA,NA,NA
RBANS_attention,T1w_median_WMH_deep,-0.154285679,-0.343146852,0.034575495,1.486372976,0.108347417,Cognition,T1w,0.472519751,NA,NA,NA,NA
RBANS_attention,T1w_median_WMH_PV,0.16416242,-0.024299987,0.352624826,1.612344262,0.087129309,Cognition,T1w,0.422242038,NA,NA,NA,NA
RBANS_attention,T1w_median_WMH_SWM,-0.193345858,-0.378259853,-0.008431864,2.769429062,0.040586793,Cognition,T1w,0.339229003,NA,NA,NA,NA
RBANS_delayed_memory,T1w_median_WMH,0.066505599,-0.12432864,0.257339839,1.582828702,0.49133328,Cognition,T1w,0.822116904,NA,NA,NA,NA
RBANS_delayed_memory,T1w_median_WMH_deep,-0.023654235,-0.216950234,0.169641765,0.82778362,0.808876233,Cognition,T1w,0.917387675,NA,NA,NA,NA
RBANS_delayed_memory,T1w_median_WMH_PV,0.031704567,-0.161442132,0.224851266,0.872754713,0.745626517,Cognition,T1w,0.897601348,NA,NA,NA,NA
RBANS_delayed_memory,T1w_median_WMH_SWM,-0.016818809,-0.207462046,0.173824428,1.642636909,0.861563352,Cognition,T1w,0.934493392,NA,NA,NA,NA
RBANS_total,T1w_median_WMH,0.046049956,-0.145745425,0.237845337,1.516989597,0.635220511,Cognition,T1w,0.867106605,NA,NA,NA,NA
RBANS_total,T1w_median_WMH_deep,-0.136556009,-0.328985801,0.055873784,1.321038713,0.162489815,Cognition,T1w,0.557042942,NA,NA,NA,NA
RBANS_total,T1w_median_WMH_PV,0.004104572,-0.189889803,0.198098947,0.845976066,0.966637875,Cognition,T1w,0.987538153,NA,NA,NA,NA
RBANS_total,T1w_median_WMH_SWM,-0.11733386,-0.307498378,0.072830657,2.029746167,0.22409517,Cognition,T1w,0.653728941,NA,NA,NA,NA
AD8,T1w_median_WMH,-0.131112459,-0.316170599,0.053945681,1.97547635,0.163164359,Cognition,T1w,0.557042942,NA,NA,NA,NA
AD8,T1w_median_WMH_deep,0.146504145,-0.040234164,0.333242455,1.434018679,0.1229044,Cognition,T1w,0.494942765,NA,NA,NA,NA
AD8,T1w_median_WMH_PV,-0.110837004,-0.298319791,0.076645783,1.19874138,0.243964527,Cognition,T1w,0.673128402,NA,NA,NA,NA
AD8,T1w_median_WMH_SWM,0.05523377,-0.130592023,0.241059564,1.72626718,0.557120845,Cognition,T1w,0.833037922,NA,NA,NA,NA
Group,T1w_median_WMH,,,,0.190886883,0.902414364,Demo,T1w,0.957203498,NA,NA,NA,NA
Group,T1w_median_WMH_deep,,,,0.398239033,0.754524958,Demo,T1w,0.901138813,NA,NA,NA,NA
Group,T1w_median_WMH_PV,,,,0.14956314,0.929774622,Demo,T1w,0.972336794,NA,NA,NA,NA
Group,T1w_median_WMH_SWM,,,,1.469020199,0.226904206,Demo,T1w,0.653728941,NA,NA,NA,NA
BMI,T1w_median_WMH,-0.093685064,-0.276808716,0.089438588,1.727580151,0.312957552,Demo,T1w,0.71154094,NA,NA,NA,NA
BMI,T1w_median_WMH_deep,0.189657594,0.007063698,0.372251489,1.901779375,0.041907897,Demo,T1w,0.340670646,NA,NA,NA,NA
BMI,T1w_median_WMH_PV,-0.079444955,-0.264733006,0.105843096,1.031318445,0.39742149,Demo,T1w,0.754776963,NA,NA,NA,NA
BMI,T1w_median_WMH_SWM,0.037646405,-0.145627778,0.220920589,1.678356453,0.684810956,Demo,T1w,0.888014045,NA,NA,NA,NA
APOE4_status,T1w_median_WMH,,,,0.870144668,0.421703167,Demo,T1w,0.765661456,NA,NA,NA,NA
APOE4_status,T1w_median_WMH_deep,,,,0.845547512,0.432044122,Demo,T1w,0.768214885,NA,NA,NA,NA
APOE4_status,T1w_median_WMH_PV,,,,0.488747732,0.614696116,Demo,T1w,0.858983851,NA,NA,NA,NA
APOE4_status,T1w_median_WMH_SWM,,,,0.504067107,0.605432606,Demo,T1w,0.852340876,NA,NA,NA,NA
High_BP,T1w_median_WMH,,,,1.219909426,0.271724728,Risk Factors,T1w,0.689229927,NA,NA,NA,NA
High_BP,T1w_median_WMH_deep,,,,0.077747985,0.780882434,Risk Factors,T1w,0.908226338,NA,NA,NA,NA
High_BP,T1w_median_WMH_PV,,,,0.095625477,0.757713226,Risk Factors,T1w,0.901270503,NA,NA,NA,NA
High_BP,T1w_median_WMH_SWM,,,,3.042491128,0.083830507,Risk Factors,T1w,0.420601285,NA,NA,NA,NA
High_chol,T1w_median_WMH,,,,8.824102563,0.003631937,Risk Factors,T1w,0.126658738,0.003631937,NA,NA,NA
High_chol,T1w_median_WMH_deep,,,,3.21059896,0.075839064,Risk Factors,T1w,0.410938245,NA,NA,NA,NA
High_chol,T1w_median_WMH_PV,,,,3.135975083,0.079278867,Risk Factors,T1w,0.415130646,NA,NA,NA,NA
High_chol,T1w_median_WMH_SWM,,,,0.685466026,0.409455999,Risk Factors,T1w,0.76168738,NA,NA,NA,NA
Diabetes,T1w_median_WMH,,,,5.390558892,0.02203812,Risk Factors,T1w,0.297514623,NA,NA,NA,NA
Diabetes,T1w_median_WMH_deep,,,,0.01768408,0.894444534,Risk Factors,T1w,0.955084841,NA,NA,NA,NA
Diabetes,T1w_median_WMH_PV,,,,3.634388217,0.059137316,Risk Factors,T1w,0.377268184,NA,NA,NA,NA
Diabetes,T1w_median_WMH_SWM,,,,3.537016687,0.062587631,Risk Factors,T1w,0.378529993,NA,NA,NA,NA
Alcohol,T1w_median_WMH,,,,0.081613718,0.775645363,Risk Factors,T1w,0.908226338,NA,NA,NA,NA
Alcohol,T1w_median_WMH_deep,,,,0.173416857,0.677882742,Risk Factors,T1w,0.888014045,NA,NA,NA,NA
Alcohol,T1w_median_WMH_PV,,,,0.009036021,0.924437131,Risk Factors,T1w,0.970658987,NA,NA,NA,NA
Alcohol,T1w_median_WMH_SWM,,,,0.063934275,0.800841768,Risk Factors,T1w,0.915460234,NA,NA,NA,NA
Smoking,T1w_median_WMH,,,,0.917008644,0.340305966,Risk Factors,T1w,0.720238176,NA,NA,NA,NA
Smoking,T1w_median_WMH_deep,,,,0.001187428,0.97257187,Risk Factors,T1w,0.989081447,NA,NA,NA,NA
Smoking,T1w_median_WMH_PV,,,,0.882195258,0.349604489,Risk Factors,T1w,0.724510204,NA,NA,NA,NA
Smoking,T1w_median_WMH_SWM,,,,0.2685363,0.605328505,Risk Factors,T1w,0.852340876,NA,NA,NA,NA
CT_comp1,t1t2ratio_median_WMH,0.053664094,-0.14223495,0.249563139,0.906257801,0.588391718,Atrophy,T1w/T2w,0.84246996,NA,NA,NA,NA
CT_comp1,t1t2ratio_median_WMH_deep,-0.035278563,-0.230502022,0.159944895,1.108401858,0.720998951,Atrophy,T1w/T2w,0.896055664,NA,NA,NA,NA
CT_comp1,t1t2ratio_median_WMH_PV,0.089722657,-0.10702476,0.286470074,0.655357057,0.368194793,Atrophy,T1w/T2w,0.736703238,NA,NA,NA,NA
CT_comp1,t1t2ratio_median_WMH_SWM,-0.155186979,-0.346420551,0.036046593,2.346245923,0.110683285,Atrophy,T1w/T2w,0.475435022,NA,NA,NA,NA
CT_comp2,t1t2ratio_median_WMH,0.155204388,-0.037594684,0.348003461,1.485046333,0.113536309,Atrophy,T1w/T2w,0.476947502,NA,NA,NA,NA
CT_comp2,t1t2ratio_median_WMH_deep,0.081649615,-0.111894952,0.275194181,1.256420933,0.405036848,Atrophy,T1w/T2w,0.76168738,NA,NA,NA,NA
CT_comp2,t1t2ratio_median_WMH_PV,0.142677861,-0.051763793,0.337119516,0.984783694,0.148785922,Atrophy,T1w/T2w,0.537998045,NA,NA,NA,NA
CT_comp2,t1t2ratio_median_WMH_SWM,-0.032491203,-0.224623671,0.159641266,1.691735876,0.738220487,Atrophy,T1w/T2w,0.896055664,NA,NA,NA,NA
CT_comp3,t1t2ratio_median_WMH,0.036544578,-0.168572533,0.241661689,0.86252065,0.724764078,Atrophy,T1w/T2w,0.896055664,NA,NA,NA,NA
CT_comp3,t1t2ratio_median_WMH_deep,-0.039820535,-0.244057912,0.164416841,1.113860007,0.700019839,Atrophy,T1w/T2w,0.888014045,NA,NA,NA,NA
CT_comp3,t1t2ratio_median_WMH_PV,0.020758695,-0.185798065,0.227315455,0.458120818,0.84253754,Atrophy,T1w/T2w,0.925811599,NA,NA,NA,NA
CT_comp3,t1t2ratio_median_WMH_SWM,-0.076444642,-0.278299781,0.125410497,1.811037904,0.454637301,Atrophy,T1w/T2w,0.788316053,NA,NA,NA,NA
CT_comp4,t1t2ratio_median_WMH,0.166852546,-0.0284612,0.362166291,1.567632463,0.093309667,Atrophy,T1w/T2w,0.443661059,NA,NA,NA,NA
CT_comp4,t1t2ratio_median_WMH_deep,-0.020775527,-0.217684453,0.176133399,1.086477611,0.83480041,Atrophy,T1w/T2w,0.92291557,NA,NA,NA,NA
CT_comp4,t1t2ratio_median_WMH_PV,0.199220256,0.003626063,0.394814448,1.482187465,0.045969901,Atrophy,T1w/T2w,0.35751329,NA,NA,NA,NA
CT_comp4,t1t2ratio_median_WMH_SWM,-0.063818522,-0.258460787,0.130823743,1.773718162,0.517280884,Atrophy,T1w/T2w,0.831151781,NA,NA,NA,NA
CT_comp5,t1t2ratio_median_WMH,0.207466242,-0.006664407,0.42159689,1.778674636,0.057440161,Atrophy,T1w/T2w,0.377268184,NA,NA,NA,NA
CT_comp5,t1t2ratio_median_WMH_deep,0.062801181,-0.153566488,0.27916885,1.160952872,0.566406193,Atrophy,T1w/T2w,0.833037922,NA,NA,NA,NA
CT_comp5,t1t2ratio_median_WMH_PV,0.200091912,-0.015748847,0.415932671,1.304724011,0.068893864,Atrophy,T1w/T2w,0.388684787,NA,NA,NA,NA
CT_comp5,t1t2ratio_median_WMH_SWM,-0.008319656,-0.222861831,0.206222519,1.663585381,0.938896639,Atrophy,T1w/T2w,0.972336794,NA,NA,NA,NA
CT_comp6,t1t2ratio_median_WMH,-0.014622655,-0.226327418,0.197082107,0.835276058,0.891399145,Atrophy,T1w/T2w,0.954529396,NA,NA,NA,NA
CT_comp6,t1t2ratio_median_WMH_deep,-0.061183849,-0.271712432,0.149344734,1.161170613,0.565914914,Atrophy,T1w/T2w,0.833037922,NA,NA,NA,NA
CT_comp6,t1t2ratio_median_WMH_PV,-0.003966187,-0.21709315,0.209160775,0.448398033,0.970654682,Atrophy,T1w/T2w,0.988968921,NA,NA,NA,NA
CT_comp6,t1t2ratio_median_WMH_SWM,-0.109291109,-0.317053589,0.098471371,1.949531522,0.299553925,Atrophy,T1w/T2w,0.70114569,NA,NA,NA,NA
CT_comp7,t1t2ratio_median_WMH,0.037098388,-0.169427023,0.243623799,0.86305072,0.722592747,Atrophy,T1w/T2w,0.896055664,NA,NA,NA,NA
CT_comp7,t1t2ratio_median_WMH_deep,-0.055135971,-0.260656468,0.150384526,1.148449446,0.596115086,Atrophy,T1w/T2w,0.847910618,NA,NA,NA,NA
CT_comp7,t1t2ratio_median_WMH_PV,0.057757008,-0.1499776,0.265491617,0.525110097,0.582835653,Atrophy,T1w/T2w,0.837687744,NA,NA,NA,NA
CT_comp7,t1t2ratio_median_WMH_SWM,-0.097833426,-0.300764437,0.105097586,1.903509559,0.341550393,Atrophy,T1w/T2w,0.720238176,NA,NA,NA,NA
CT_comp8,t1t2ratio_median_WMH,0.079533211,-0.127241864,0.286308287,0.97989859,0.447627335,Atrophy,T1w/T2w,0.7823964,NA,NA,NA,NA
CT_comp8,t1t2ratio_median_WMH_deep,-0.062315694,-0.268427768,0.14379638,1.168248683,0.550379937,Atrophy,T1w/T2w,0.833037922,NA,NA,NA,NA
CT_comp8,t1t2ratio_median_WMH_PV,0.086586415,-0.121471,0.29464383,0.620698266,0.411392614,Atrophy,T1w/T2w,0.76168738,NA,NA,NA,NA
CT_comp8,t1t2ratio_median_WMH_SWM,-0.114191312,-0.317484144,0.08910152,1.9898444,0.268136413,Atrophy,T1w/T2w,0.689229927,NA,NA,NA,NA
TBV,t1t2ratio_median_WMH,0.08122751,-0.159819219,0.322274238,0.945159956,0.505740735,Atrophy,T1w/T2w,0.824008611,NA,NA,NA,NA
TBV,t1t2ratio_median_WMH_deep,-0.231843878,-0.468442527,0.004754771,2.053222946,0.054703876,Atrophy,T1w/T2w,0.375964822,NA,NA,NA,NA
TBV,t1t2ratio_median_WMH_PV,0.124232049,-0.117788414,0.366252513,0.710707494,0.311343027,Atrophy,T1w/T2w,0.71154094,NA,NA,NA,NA
TBV,t1t2ratio_median_WMH_SWM,-0.218033607,-0.452681789,0.016614574,2.559096114,0.068259557,Atrophy,T1w/T2w,0.388684787,NA,NA,NA,NA
ICV,t1t2ratio_median_WMH,0.209545696,-0.037945686,0.457037078,1.554572998,0.096223773,Atrophy,T1w/T2w,0.453022165,NA,NA,NA,NA
ICV,t1t2ratio_median_WMH_deep,-0.084109072,-0.333122445,0.164904302,1.191350134,0.504744374,Atrophy,T1w/T2w,0.824008611,NA,NA,NA,NA
ICV,t1t2ratio_median_WMH_PV,0.250455452,0.002594946,0.498315959,1.465866606,0.047688681,Atrophy,T1w/T2w,0.35751329,NA,NA,NA,NA
ICV,t1t2ratio_median_WMH_SWM,-0.02969844,-0.27668289,0.21728601,1.677045493,0.812137741,Atrophy,T1w/T2w,0.917752066,NA,NA,NA,NA
TBV_ICV_ratio,t1t2ratio_median_WMH,-0.122762684,-0.30748692,0.061961552,1.276581224,0.190624009,Atrophy,T1w/T2w,0.59056372,NA,NA,NA,NA
TBV_ICV_ratio,t1t2ratio_median_WMH_deep,-0.174336445,-0.356824064,0.008151174,2.004787847,0.060958038,Atrophy,T1w/T2w,0.377268184,NA,NA,NA,NA
TBV_ICV_ratio,t1t2ratio_median_WMH_PV,-0.123339396,-0.309295792,0.062617001,0.88658695,0.191487836,Atrophy,T1w/T2w,0.59056372,NA,NA,NA,NA
TBV_ICV_ratio,t1t2ratio_median_WMH_SWM,-0.201179721,-0.3808391,-0.021520343,2.964841669,0.028520017,Atrophy,T1w/T2w,0.316255053,NA,NA,NA,NA
MoCA_total,t1t2ratio_median_WMH,0.148156422,-0.041299676,0.33761252,1.448181179,0.124105516,Cognition,T1w/T2w,0.494942765,NA,NA,NA,NA
MoCA_total,t1t2ratio_median_WMH_deep,0.008421614,-0.182229243,0.199072472,1.077125969,0.930417363,Cognition,T1w/T2w,0.972336794,NA,NA,NA,NA
MoCA_total,t1t2ratio_median_WMH_PV,0.149086792,-0.041628841,0.339802424,1.057207752,0.124241834,Cognition,T1w/T2w,0.494942765,NA,NA,NA,NA
MoCA_total,t1t2ratio_median_WMH_SWM,0.037852458,-0.150793347,0.226498264,1.70385501,0.691725901,Cognition,T1w/T2w,0.888014045,NA,NA,NA,NA
RBANS_immediate_memory,t1t2ratio_median_WMH,-0.025634857,-0.213896112,0.162626398,0.849185834,0.787829083,Cognition,T1w/T2w,0.909311125,NA,NA,NA,NA
RBANS_immediate_memory,t1t2ratio_median_WMH_deep,-0.031355011,-0.218798509,0.156088487,1.103640888,0.740951522,Cognition,T1w/T2w,0.896055664,NA,NA,NA,NA
RBANS_immediate_memory,t1t2ratio_median_WMH_PV,-0.00546839,-0.19503807,0.184101291,0.448882291,0.954526814,Cognition,T1w/T2w,0.980913039,NA,NA,NA,NA
RBANS_immediate_memory,t1t2ratio_median_WMH_SWM,-0.036991042,-0.222548722,0.148566637,1.703313498,0.693624619,Cognition,T1w/T2w,0.888014045,NA,NA,NA,NA
RBANS_visuospatial_memory,t1t2ratio_median_WMH,0.069255644,-0.122848259,0.261359548,0.961740089,0.476552773,Cognition,T1w/T2w,0.813259359,NA,NA,NA,NA
RBANS_visuospatial_memory,t1t2ratio_median_WMH_deep,-0.07829691,-0.269472912,0.112879093,1.245995149,0.418841548,Cognition,T1w/T2w,0.765661456,NA,NA,NA,NA
RBANS_visuospatial_memory,t1t2ratio_median_WMH_PV,0.061050892,-0.13243041,0.254532193,0.547302249,0.533139818,Cognition,T1w/T2w,0.833037922,NA,NA,NA,NA
RBANS_visuospatial_memory,t1t2ratio_median_WMH_SWM,-0.029322397,-0.219085596,0.160440801,1.68683087,0.760065968,Cognition,T1w/T2w,0.901270503,NA,NA,NA,NA
RBANS_language,t1t2ratio_median_WMH,0.031378874,-0.155580228,0.218337977,0.85891159,0.74011444,Cognition,T1w/T2w,0.896055664,NA,NA,NA,NA
RBANS_language,t1t2ratio_median_WMH_deep,-0.057164302,-0.243127931,0.128799326,1.171388997,0.543743499,Cognition,T1w/T2w,0.833037922,NA,NA,NA,NA
RBANS_language,t1t2ratio_median_WMH_PV,0.020155001,-0.168100183,0.208410185,0.459478805,0.832403818,Cognition,T1w/T2w,0.92291557,NA,NA,NA,NA
RBANS_language,t1t2ratio_median_WMH_SWM,-0.053274238,-0.237438964,0.130890488,1.748966419,0.567711777,Cognition,T1w/T2w,0.833037922,NA,NA,NA,NA
RBANS_attention,t1t2ratio_median_WMH,0.158013279,-0.030681658,0.346708217,1.538790019,0.099880456,Cognition,T1w/T2w,0.457680907,NA,NA,NA,NA
RBANS_attention,t1t2ratio_median_WMH_deep,-0.086081256,-0.275584146,0.103421635,1.285320225,0.370062513,Cognition,T1w/T2w,0.736703238,NA,NA,NA,NA
RBANS_attention,t1t2ratio_median_WMH_PV,0.198378705,0.009720047,0.387037362,1.550248322,0.039483576,Cognition,T1w/T2w,0.339229003,NA,NA,NA,NA
RBANS_attention,t1t2ratio_median_WMH_SWM,-0.033853511,-0.222053619,0.154346597,1.695641817,0.722223898,Cognition,T1w/T2w,0.896055664,NA,NA,NA,NA
RBANS_delayed_memory,t1t2ratio_median_WMH,0.044621562,-0.148486563,0.237729688,0.884390583,0.647980909,Cognition,T1w/T2w,0.868570155,NA,NA,NA,NA
RBANS_delayed_memory,t1t2ratio_median_WMH_deep,-0.055652026,-0.247851421,0.136547368,1.160540309,0.567339319,Cognition,T1w/T2w,0.833037922,NA,NA,NA,NA
RBANS_delayed_memory,t1t2ratio_median_WMH_PV,0.071176347,-0.122941561,0.265294254,0.582070528,0.469076941,Cognition,T1w/T2w,0.804131898,NA,NA,NA,NA
RBANS_delayed_memory,t1t2ratio_median_WMH_SWM,-0.064610217,-0.254810867,0.125590433,1.781915938,0.502323136,Cognition,T1w/T2w,0.824008611,NA,NA,NA,NA
RBANS_total,t1t2ratio_median_WMH,0.062796845,-0.130896017,0.256489707,0.936631258,0.521969539,Cognition,T1w/T2w,0.831151781,NA,NA,NA,NA
RBANS_total,t1t2ratio_median_WMH_deep,-0.088830465,-0.281354843,0.103693914,1.291989714,0.362603491,Cognition,T1w/T2w,0.734928255,NA,NA,NA,NA
RBANS_total,t1t2ratio_median_WMH_PV,0.077554323,-0.11724486,0.272353507,0.606053794,0.431906109,Cognition,T1w/T2w,0.768214885,NA,NA,NA,NA
RBANS_total,t1t2ratio_median_WMH_SWM,-0.060033066,-0.251035483,0.130969351,1.764663436,0.534739313,Cognition,T1w/T2w,0.833037922,NA,NA,NA,NA
AD8,t1t2ratio_median_WMH,-0.118092449,-0.305470498,0.069285599,1.231672452,0.214387777,Cognition,T1w/T2w,0.633113904,NA,NA,NA,NA
AD8,t1t2ratio_median_WMH_deep,0.154552363,-0.031103904,0.340208629,1.78103603,0.101870994,Cognition,T1w/T2w,0.457680907,NA,NA,NA,NA
AD8,t1t2ratio_median_WMH_PV,-0.155299264,-0.342999854,0.032401326,1.130437914,0.103956146,Cognition,T1w/T2w,0.462299096,NA,NA,NA,NA
AD8,t1t2ratio_median_WMH_SWM,0.045289137,-0.140544512,0.231122786,1.723732837,0.63015097,Cognition,T1w/T2w,0.866050577,NA,NA,NA,NA
Group,t1t2ratio_median_WMH,,,,1.01740944,0.387863243,Demo,T1w/T2w,0.754776963,NA,NA,NA,NA
Group,t1t2ratio_median_WMH_deep,,,,0.142606263,0.934207267,Demo,T1w/T2w,0.972336794,NA,NA,NA,NA
Group,t1t2ratio_median_WMH_PV,,,,0.718427163,0.543025073,Demo,T1w/T2w,0.833037922,NA,NA,NA,NA
Group,t1t2ratio_median_WMH_SWM,,,,0.97690201,0.406403984,Demo,T1w/T2w,0.76168738,NA,NA,NA,NA
BMI,t1t2ratio_median_WMH,0.089320231,-0.095859879,0.27450034,1.065464549,0.341310513,Demo,T1w/T2w,0.720238176,NA,NA,NA,NA
BMI,t1t2ratio_median_WMH_deep,0.178969799,-0.003150453,0.361090051,2.058815741,0.054027436,Demo,T1w/T2w,0.374722397,NA,NA,NA,NA
BMI,t1t2ratio_median_WMH_PV,0.093832094,-0.092510606,0.280174793,0.700807995,0.320597505,Demo,T1w/T2w,0.712052548,NA,NA,NA,NA
BMI,t1t2ratio_median_WMH_SWM,0.170991748,-0.009541281,0.351524776,2.594101119,0.063170025,Demo,T1w/T2w,0.37902015,NA,NA,NA,NA
APOE4_status,t1t2ratio_median_WMH,,,,2.267732902,0.108281621,Demo,T1w/T2w,0.472519751,NA,NA,NA,NA
APOE4_status,t1t2ratio_median_WMH_deep,,,,1.322212684,0.270672745,Demo,T1w/T2w,0.689229927,NA,NA,NA,NA
APOE4_status,t1t2ratio_median_WMH_PV,,,,1.669739903,0.192948729,Demo,T1w/T2w,0.59056372,NA,NA,NA,NA
APOE4_status,t1t2ratio_median_WMH_SWM,,,,0.063353621,0.938645114,Demo,T1w/T2w,0.972336794,NA,NA,NA,NA
High_BP,t1t2ratio_median_WMH,,,,0.163174383,0.687014056,Risk Factors,T1w/T2w,0.888014045,NA,NA,NA,NA
High_BP,t1t2ratio_median_WMH_deep,,,,0.054907238,0.815158318,Risk Factors,T1w/T2w,0.917764735,NA,NA,NA,NA
High_BP,t1t2ratio_median_WMH_PV,,,,0.027335479,0.868976173,Risk Factors,T1w/T2w,0.938494267,NA,NA,NA,NA
High_BP,t1t2ratio_median_WMH_SWM,,,,0.031153101,0.860215202,Risk Factors,T1w/T2w,0.934371685,NA,NA,NA,NA
High_chol,t1t2ratio_median_WMH,,,,5.529698598,0.020428302,Risk Factors,T1w/T2w,0.297514623,NA,NA,NA,NA
High_chol,t1t2ratio_median_WMH_deep,,,,1.129682251,0.290109273,Risk Factors,T1w/T2w,0.696894395,NA,NA,NA,NA
High_chol,t1t2ratio_median_WMH_PV,,,,3.101147458,0.080942218,Risk Factors,T1w/T2w,0.415130646,NA,NA,NA,NA
High_chol,t1t2ratio_median_WMH_SWM,,,,0.579437372,0.448118573,Risk Factors,T1w/T2w,0.7823964,NA,NA,NA,NA
Diabetes,t1t2ratio_median_WMH,,,,0.009321934,0.923254663,Risk Factors,T1w/T2w,0.970658987,NA,NA,NA,NA
Diabetes,t1t2ratio_median_WMH_deep,,,,0.649300538,0.422055308,Risk Factors,T1w/T2w,0.765661456,NA,NA,NA,NA
Diabetes,t1t2ratio_median_WMH_PV,,,,0.093291171,0.760596006,Risk Factors,T1w/T2w,0.901270503,NA,NA,NA,NA
Diabetes,t1t2ratio_median_WMH_SWM,,,,0.012933076,0.909658645,Risk Factors,T1w/T2w,0.961820889,NA,NA,NA,NA
Alcohol,t1t2ratio_median_WMH,,,,0.099250611,0.753311807,Risk Factors,T1w/T2w,0.90111349,NA,NA,NA,NA
Alcohol,t1t2ratio_median_WMH_deep,,,,0.000231361,0.987891011,Risk Factors,T1w/T2w,0.993145751,NA,NA,NA,NA
Alcohol,t1t2ratio_median_WMH_PV,,,,0.049491625,0.82435186,Risk Factors,T1w/T2w,0.92291557,NA,NA,NA,NA
Alcohol,t1t2ratio_median_WMH_SWM,,,,0.40341283,0.526616009,Risk Factors,T1w/T2w,0.831151781,NA,NA,NA,NA
Smoking,t1t2ratio_median_WMH,,,,1.171005447,0.28149859,Risk Factors,T1w/T2w,0.689229927,NA,NA,NA,NA
Smoking,t1t2ratio_median_WMH_deep,,,,0.298087646,0.586160061,Risk Factors,T1w/T2w,0.840867185,NA,NA,NA,NA
Smoking,t1t2ratio_median_WMH_PV,,,,0.947866677,0.332342426,Risk Factors,T1w/T2w,0.719916544,NA,NA,NA,NA
Smoking,t1t2ratio_median_WMH_SWM,,,,0.451636314,0.502930656,Risk Factors,T1w/T2w,0.824008611,NA,NA,NA,NA
CT_comp1,qT2star_median_WMH,-0.030839195,-0.193317349,0.131638958,14.13444168,0.707593481,Atrophy,T2star,0.890121108,NA,NA,NA,NA
CT_comp1,qT2star_median_WMH_deep,0.074687736,-0.104778295,0.254153767,6.490166801,0.411392101,Atrophy,T2star,0.76168738,NA,NA,NA,NA
CT_comp1,qT2star_median_WMH_PV,-0.058963796,-0.224390079,0.106462487,12.6372022,0.481540215,Atrophy,T2star,0.815129772,NA,NA,NA,NA
CT_comp1,qT2star_median_WMH_SWM,0.097151623,-0.079909888,0.274213135,7.440126097,0.279327595,Atrophy,T2star,0.689229927,NA,NA,NA,NA
CT_comp2,qT2star_median_WMH,-0.157197096,-0.316106377,0.001712185,15.52034558,0.052477385,Atrophy,T2star,0.368839868,NA,NA,NA,NA
CT_comp2,qT2star_median_WMH_deep,0.042451579,-0.136279731,0.221182889,6.350089699,0.63886029,Atrophy,T2star,0.867106605,NA,NA,NA,NA
CT_comp2,qT2star_median_WMH_PV,-0.160626059,-0.322662804,0.001410686,13.84703229,0.051993837,Atrophy,T2star,0.368839868,NA,NA,NA,NA
CT_comp2,qT2star_median_WMH_SWM,-0.043679666,-0.220390772,0.133031439,7.145724909,0.625288074,Atrophy,T2star,0.862623693,NA,NA,NA,NA
CT_comp3,qT2star_median_WMH,-0.264047632,-0.426875785,-0.10121948,17.94815167,0.001713219,Atrophy,T2star,0.086346212,0.001713219,0.086346212,-0.264047632,-0.264047632
CT_comp3,qT2star_median_WMH_deep,-0.059864118,-0.247867152,0.128138915,6.404040369,0.529412823,Atrophy,T2star,0.833037922,NA,NA,NA,NA
CT_comp3,qT2star_median_WMH_PV,-0.263502995,-0.429867822,-0.097138167,16.00481852,0.002170085,Atrophy,T2star,0.096504946,0.002170085,0.096504946,-0.263502995,-0.263502995
CT_comp3,qT2star_median_WMH_SWM,-0.183639582,-0.366687566,-0.000591599,8.305581094,0.04927654,Atrophy,T2star,0.35820254,NA,NA,NA,NA
CT_comp4,qT2star_median_WMH,-0.092043163,-0.255065266,0.070978939,14.55019964,0.265689438,Atrophy,T2star,0.689229927,NA,NA,NA,NA
CT_comp4,qT2star_median_WMH_deep,0.058808175,-0.122351899,0.239968249,6.408821738,0.521442257,Atrophy,T2star,0.831151781,NA,NA,NA,NA
CT_comp4,qT2star_median_WMH_PV,-0.120295188,-0.285944664,0.045354287,13.20325544,0.152988395,Atrophy,T2star,0.543001064,NA,NA,NA,NA
CT_comp4,qT2star_median_WMH_SWM,0.034671378,-0.144666738,0.214009495,7.116620785,0.702423808,Atrophy,T2star,0.888014045,NA,NA,NA,NA
CT_comp5,qT2star_median_WMH,-0.19844616,-0.374962689,-0.021929631,15.93990518,0.027907776,Atrophy,T2star,0.316255053,NA,NA,NA,NA
CT_comp5,qT2star_median_WMH_deep,-0.025615988,-0.225238368,0.174006392,6.30217326,0.799780326,Atrophy,T2star,0.915460234,NA,NA,NA,NA
CT_comp5,qT2star_median_WMH_PV,-0.198230567,-0.378393228,-0.018067906,14.16937382,0.031341799,Atrophy,T2star,0.316255053,NA,NA,NA,NA
CT_comp5,qT2star_median_WMH_SWM,-0.081253681,-0.278110578,0.115603216,7.27978312,0.415225328,Atrophy,T2star,0.763772135,NA,NA,NA,NA
CT_comp6,qT2star_median_WMH,-0.091424571,-0.266078578,0.083229435,14.48437345,0.301917019,Atrophy,T2star,0.704473044,NA,NA,NA,NA
CT_comp6,qT2star_median_WMH_deep,-0.018602537,-0.212863057,0.175657984,6.293421218,0.849869429,Atrophy,T2star,0.92825255,NA,NA,NA,NA
CT_comp6,qT2star_median_WMH_PV,-0.08793101,-0.266128196,0.090266176,12.8018529,0.330355997,Atrophy,T2star,0.719738138,NA,NA,NA,NA
CT_comp6,qT2star_median_WMH_SWM,-0.10079076,-0.291981135,0.090399614,7.411729161,0.298516334,Atrophy,T2star,0.70114569,NA,NA,NA,NA
CT_comp7,qT2star_median_WMH,-0.156659607,-0.325424314,0.0121051,15.34849013,0.068529675,Atrophy,T2star,0.388684787,NA,NA,NA,NA
CT_comp7,qT2star_median_WMH_deep,0.053567265,-0.135798346,0.242932875,6.378404528,0.576294753,Atrophy,T2star,0.833037922,NA,NA,NA,NA
CT_comp7,qT2star_median_WMH_PV,-0.166329942,-0.338211377,0.005551493,13.78168152,0.0577385,Atrophy,T2star,0.377268184,NA,NA,NA,NA
CT_comp7,qT2star_median_WMH_SWM,-0.087547274,-0.274336429,0.099241881,7.340278909,0.355090877,Atrophy,T2star,0.729480172,NA,NA,NA,NA
CT_comp8,qT2star_median_WMH,-0.078613495,-0.249810235,0.092583245,14.39152251,0.364886848,Atrophy,T2star,0.735611885,NA,NA,NA,NA
CT_comp8,qT2star_median_WMH_deep,0.013847363,-0.176373591,0.204068318,6.288778187,0.885581749,Atrophy,T2star,0.953703422,NA,NA,NA,NA
CT_comp8,qT2star_median_WMH_PV,-0.098396372,-0.272650274,0.07585753,12.90841672,0.265633034,Atrophy,T2star,0.689229927,NA,NA,NA,NA
CT_comp8,qT2star_median_WMH_SWM,0.058643426,-0.129142241,0.246429094,7.190414941,0.537358482,Atrophy,T2star,0.833037922,NA,NA,NA,NA
TBV,qT2star_median_WMH,0.164465009,-0.033356339,0.362286357,15.09779676,0.102312266,Atrophy,T2star,0.457680907,NA,NA,NA,NA
TBV,qT2star_median_WMH_deep,0.264962437,0.048896302,0.481028571,8.086236083,0.01669355,Atrophy,T2star,0.274354864,NA,NA,NA,NA
TBV,qT2star_median_WMH_PV,0.162659603,-0.039212604,0.36453181,13.37557839,0.11320435,Atrophy,T2star,0.476947502,NA,NA,NA,NA
TBV,qT2star_median_WMH_SWM,0.229752929,0.014826873,0.444678985,8.472750666,0.036379664,Atrophy,T2star,0.339078187,NA,NA,NA,NA
ICV,qT2star_median_WMH,-0.029538855,-0.237134004,0.178056294,14.11123983,0.778533138,Atrophy,T2star,0.908226338,NA,NA,NA,NA
ICV,qT2star_median_WMH_deep,0.116670917,-0.112224539,0.345566372,6.594057657,0.314732888,Atrophy,T2star,0.71154094,NA,NA,NA,NA
ICV,qT2star_median_WMH_PV,-0.021998871,-0.233728962,0.189731219,12.47282518,0.837281825,Atrophy,T2star,0.92291557,NA,NA,NA,NA
ICV,qT2star_median_WMH_SWM,0.075534247,-0.151375044,0.302443539,7.206715896,0.510915774,Atrophy,T2star,0.825161475,NA,NA,NA,NA
TBV_ICV_ratio,qT2star_median_WMH,0.199690032,0.049970207,0.349409858,16.6971642,0.009399138,Atrophy,T2star,0.222303681,0.009399138,NA,0.199690032,NA
TBV_ICV_ratio,qT2star_median_WMH_deep,0.169741773,0.001885444,0.337598101,7.509009568,0.047523827,Atrophy,T2star,0.35751329,NA,NA,NA,NA
TBV_ICV_ratio,qT2star_median_WMH_PV,0.191591687,0.038374295,0.344809078,14.66852572,0.014715038,Atrophy,T2star,0.251386733,NA,NA,NA,NA
TBV_ICV_ratio,qT2star_median_WMH_SWM,0.156562856,-0.009791925,0.322917638,8.157457003,0.06483728,Atrophy,T2star,0.382178385,NA,NA,NA,NA
MoCA_total,qT2star_median_WMH,-0.221719308,-0.374931771,-0.068506846,17.16076774,0.004943854,Cognition,T2star,0.133484054,0.004943854,NA,-0.221719308,NA
MoCA_total,qT2star_median_WMH_deep,-0.078162934,-0.25325321,0.096927342,6.521463775,0.378342796,Cognition,T2star,0.742927671,NA,NA,NA,NA
MoCA_total,qT2star_median_WMH_PV,-0.229794336,-0.385845486,-0.073743186,15.52368223,0.004259055,Cognition,T2star,0.133484054,0.004259055,NA,-0.229794336,NA
MoCA_total,qT2star_median_WMH_SWM,-0.152179489,-0.323572085,0.019213106,8.037990405,0.081268962,Cognition,T2star,0.415130646,NA,NA,NA,NA
RBANS_immediate_memory,qT2star_median_WMH,-0.112055471,-0.2667401,0.042629157,14.85309161,0.153994596,Cognition,T2star,0.544018291,NA,NA,NA,NA
RBANS_immediate_memory,qT2star_median_WMH_deep,-0.043108471,-0.215739166,0.129522223,6.357219031,0.62175095,Cognition,T2star,0.861531834,NA,NA,NA,NA
RBANS_immediate_memory,qT2star_median_WMH_PV,-0.118449044,-0.276081696,0.039183608,13.25595137,0.13934997,Cognition,T2star,0.518958507,NA,NA,NA,NA
RBANS_immediate_memory,qT2star_median_WMH_SWM,-0.056640576,-0.227192262,0.11391111,7.206078805,0.51190573,Cognition,T2star,0.825161475,NA,NA,NA,NA
RBANS_visuospatial_memory,qT2star_median_WMH,-0.142117502,-0.299485784,0.01525078,15.28067497,0.076264567,Cognition,T2star,0.410938245,NA,NA,NA,NA
RBANS_visuospatial_memory,qT2star_median_WMH_deep,-0.090234878,-0.266118388,0.085648631,6.598136771,0.311600612,Cognition,T2star,0.71154094,NA,NA,NA,NA
RBANS_visuospatial_memory,qT2star_median_WMH_PV,-0.14481607,-0.305295928,0.015663789,13.60898963,0.076487722,Cognition,T2star,0.410938245,NA,NA,NA,NA
RBANS_visuospatial_memory,qT2star_median_WMH_SWM,-0.076557373,-0.250676536,0.097561789,7.307946108,0.385550332,Cognition,T2star,0.754431841,NA,NA,NA,NA
RBANS_language,qT2star_median_WMH,-0.167073284,-0.318948459,-0.015198108,15.86086841,0.031374509,Cognition,T2star,0.316255053,NA,NA,NA,NA
RBANS_language,qT2star_median_WMH_deep,-0.077655596,-0.248695253,0.09338406,6.529678697,0.370300569,Cognition,T2star,0.736703238,NA,NA,NA,NA
RBANS_language,qT2star_median_WMH_PV,-0.164106574,-0.319216304,-0.008996843,14.0403334,0.038306043,Cognition,T2star,0.339229003,NA,NA,NA,NA
RBANS_language,qT2star_median_WMH_SWM,-0.116889777,-0.285210343,0.051430789,7.662433135,0.17159651,Cognition,T2star,0.561588577,NA,NA,NA,NA
RBANS_attention,qT2star_median_WMH,-0.096339277,-0.253608202,0.060929647,14.63323399,0.227421576,Cognition,T2star,0.653728941,NA,NA,NA,NA
RBANS_attention,qT2star_median_WMH_deep,-0.010466808,-0.185712059,0.164778443,6.286700651,0.906016888,Cognition,T2star,0.959311999,NA,NA,NA,NA
RBANS_attention,qT2star_median_WMH_PV,-0.120258242,-0.280111582,0.039595099,13.25782043,0.138892309,Cognition,T2star,0.518958507,NA,NA,NA,NA
RBANS_attention,qT2star_median_WMH_SWM,0.029163823,-0.144040167,0.202367813,7.105548191,0.739308603,Cognition,T2star,0.896055664,NA,NA,NA,NA
RBANS_delayed_memory,qT2star_median_WMH,-0.17349216,-0.330398598,-0.016585721,15.87914404,0.030534315,Cognition,T2star,0.316255053,NA,NA,NA,NA
RBANS_delayed_memory,qT2star_median_WMH_deep,-0.047645299,-0.224796901,0.129506303,6.369187145,0.59518883,Cognition,T2star,0.847910618,NA,NA,NA,NA
RBANS_delayed_memory,qT2star_median_WMH_PV,-0.163307459,-0.323814826,-0.002800093,13.9213103,0.046199665,Cognition,T2star,0.35751329,NA,NA,NA,NA
RBANS_delayed_memory,qT2star_median_WMH_SWM,-0.105987882,-0.280255318,0.068279554,7.524580547,0.230745431,Cognition,T2star,0.657486841,NA,NA,NA,NA
RBANS_total,qT2star_median_WMH,-0.16906282,-0.326778696,-0.011346943,15.77104761,0.035875095,Cognition,T2star,0.339019645,NA,NA,NA,NA
RBANS_total,qT2star_median_WMH_deep,-0.067962875,-0.245582351,0.109656601,6.458035667,0.449991483,Cognition,T2star,0.783856131,NA,NA,NA,NA
RBANS_total,qT2star_median_WMH_PV,-0.168421095,-0.329398462,-0.007443728,14.00533637,0.04046595,Cognition,T2star,0.339229003,NA,NA,NA,NA
RBANS_total,qT2star_median_WMH_SWM,-0.082787824,-0.258182569,0.092606922,7.344102379,0.351713287,Cognition,T2star,0.724510204,NA,NA,NA,NA
AD8,qT2star_median_WMH,0.08445906,-0.071120139,0.24003826,14.51480294,0.284432749,Cognition,T2star,0.691418515,NA,NA,NA,NA
AD8,qT2star_median_WMH_deep,-0.055409364,-0.228234666,0.117415937,6.405717554,0.526592246,Cognition,T2star,0.831151781,NA,NA,NA,NA
AD8,qT2star_median_WMH_PV,0.094423771,-0.064064206,0.252911747,12.95945788,0.240341655,Cognition,T2star,0.668008423,NA,NA,NA,NA
AD8,qT2star_median_WMH_SWM,0.044196478,-0.126795763,0.215188718,7.152728551,0.609596489,Cognition,T2star,0.854091287,NA,NA,NA,NA
Group,qT2star_median_WMH,,,,8.441385403,4.21E-05,Demo,T2star,0.009018087,4.21E-05,0.009018087,NA,NA
Group,qT2star_median_WMH_deep,,,,3.491564152,0.018111914,Demo,T2star,0.284900602,NA,NA,NA,NA
Group,qT2star_median_WMH_PV,,,,8.335767572,4.77E-05,Demo,T2star,0.009018087,4.77E-05,0.009018087,NA,NA
Group,qT2star_median_WMH_SWM,,,,3.643020377,0.014963496,Demo,T2star,0.251386733,NA,NA,NA,NA
BMI,qT2star_median_WMH,-0.134579304,-0.286627393,0.017468784,15.23340325,0.082216926,Demo,T2star,0.417154334,NA,NA,NA,NA
BMI,qT2star_median_WMH_deep,-0.076242628,-0.246269606,0.09378435,6.523610282,0.376217758,Demo,T2star,0.741502585,NA,NA,NA,NA
BMI,qT2star_median_WMH_PV,-0.104538863,-0.260473072,0.051395345,13.09306348,0.186791565,Demo,T2star,0.59056372,NA,NA,NA,NA
BMI,qT2star_median_WMH_SWM,-0.14413495,-0.310687409,0.022417509,7.989596893,0.089174878,Demo,T2star,0.429402598,NA,NA,NA,NA
APOE4_status,qT2star_median_WMH,,,,0.188389518,0.828553933,Demo,T2star,0.92291557,NA,NA,NA,NA
APOE4_status,qT2star_median_WMH_deep,,,,0.634960893,0.531853026,Demo,T2star,0.833037922,NA,NA,NA,NA
APOE4_status,qT2star_median_WMH_PV,,,,0.261083312,0.770684202,Demo,T2star,0.907353185,NA,NA,NA,NA
APOE4_status,qT2star_median_WMH_SWM,,,,0.584830523,0.55889268,Demo,T2star,0.833037922,NA,NA,NA,NA
High_BP,qT2star_median_WMH,,,,6.617249204,0.01139606,Risk Factors,T2star,0.239078815,NA,NA,NA,NA
High_BP,qT2star_median_WMH_deep,,,,2.396665386,0.124390378,Risk Factors,T2star,0.494942765,NA,NA,NA,NA
High_BP,qT2star_median_WMH_PV,,,,6.71933737,0.010796765,Risk Factors,T2star,0.233210129,NA,NA,NA,NA
High_BP,qT2star_median_WMH_SWM,,,,2.37508204,0.126080896,Risk Factors,T2star,0.499042708,NA,NA,NA,NA
High_chol,qT2star_median_WMH,,,,10.59161377,0.001498989,Risk Factors,T2star,0.086346212,0.001498989,0.086346212,NA,NA
High_chol,qT2star_median_WMH_deep,,,,0.110213921,0.740515707,Risk Factors,T2star,0.896055664,NA,NA,NA,NA
High_chol,qT2star_median_WMH_PV,,,,10.84898031,0.001320319,Risk Factors,T2star,0.086346212,0.001320319,0.086346212,NA,NA
High_chol,qT2star_median_WMH_SWM,,,,2.736923508,0.100828554,Risk Factors,T2star,0.457680907,NA,NA,NA,NA
Diabetes,qT2star_median_WMH,,,,0.997851685,0.319965192,Risk Factors,T2star,0.712052548,NA,NA,NA,NA
Diabetes,qT2star_median_WMH_deep,,,,0.329564301,0.567056726,Risk Factors,T2star,0.833037922,NA,NA,NA,NA
Diabetes,qT2star_median_WMH_PV,,,,1.101574402,0.29616038,Risk Factors,T2star,0.70114569,NA,NA,NA,NA
Diabetes,qT2star_median_WMH_SWM,,,,0.06181093,0.804107538,Risk Factors,T2star,0.915460234,NA,NA,NA,NA
Alcohol,qT2star_median_WMH,,,,0.047453902,0.827947313,Risk Factors,T2star,0.92291557,NA,NA,NA,NA
Alcohol,qT2star_median_WMH_deep,,,,0.000351705,0.985070584,Risk Factors,T2star,0.992129349,NA,NA,NA,NA
Alcohol,qT2star_median_WMH_PV,,,,4.71E-05,0.9945344,Risk Factors,T2star,0.997248924,NA,NA,NA,NA
Alcohol,qT2star_median_WMH_SWM,,,,1.20904894,0.27385763,Risk Factors,T2star,0.689229927,NA,NA,NA,NA
Smoking,qT2star_median_WMH,,,,0.43715286,0.509845694,Risk Factors,T2star,0.825161475,NA,NA,NA,NA
Smoking,qT2star_median_WMH_deep,,,,0.336071266,0.563259835,Risk Factors,T2star,0.833037922,NA,NA,NA,NA
Smoking,qT2star_median_WMH_PV,,,,0.470340496,0.494235226,Risk Factors,T2star,0.822116904,NA,NA,NA,NA
Smoking,qT2star_median_WMH_SWM,,,,2.438659727,0.121173664,Risk Factors,T2star,0.494942765,NA,NA,NA,NA
CT_comp1,T2w_median_WMH,-0.114643316,-0.306959088,0.077672455,2.002872233,0.240073926,Atrophy,T2w,0.668008423,NA,NA,NA,NA
CT_comp1,T2w_median_WMH_deep,-0.021790601,-0.216896168,0.173314966,1.143891951,0.825281145,Atrophy,T2w,0.92291557,NA,NA,NA,NA
CT_comp1,T2w_median_WMH_PV,-0.107268526,-0.301207749,0.086670697,1.498502791,0.275496958,Atrophy,T2w,0.689229927,NA,NA,NA,NA
CT_comp1,T2w_median_WMH_SWM,-0.000317596,-0.190972768,0.190337576,2.532170105,0.997372583,Atrophy,T2w,0.998693606,NA,NA,NA,NA
CT_comp2,T2w_median_WMH,-0.037404862,-0.229596449,0.154786725,1.673318366,0.700530557,Atrophy,T2w,0.888014045,NA,NA,NA,NA
CT_comp2,T2w_median_WMH_deep,-0.042608435,-0.236402494,0.151185625,1.180495959,0.66396426,Atrophy,T2w,0.880626282,NA,NA,NA,NA
CT_comp2,T2w_median_WMH_PV,-0.044328268,-0.237928968,0.149272432,1.23931284,0.650968076,Atrophy,T2w,0.871029851,NA,NA,NA,NA
CT_comp2,T2w_median_WMH_SWM,0.144616396,-0.042948439,0.332181231,3.167792194,0.129423282,Atrophy,T2w,0.500994299,NA,NA,NA,NA
CT_comp3,T2w_median_WMH,0.092676105,-0.109037912,0.294390122,1.853114775,0.364633704,Atrophy,T2w,0.735611885,NA,NA,NA,NA
CT_comp3,T2w_median_WMH_deep,0.039896408,-0.164145386,0.243938201,1.170179937,0.699202599,Atrophy,T2w,0.888014045,NA,NA,NA,NA
CT_comp3,T2w_median_WMH_PV,0.070321915,-0.133244579,0.273888409,1.307724413,0.495125475,Atrophy,T2w,0.822116904,NA,NA,NA,NA
CT_comp3,T2w_median_WMH_SWM,0.188689803,-0.007662565,0.385042171,3.519567656,0.059471087,Atrophy,T2w,0.377268184,NA,NA,NA,NA
CT_comp4,T2w_median_WMH,-0.082138903,-0.276634117,0.112356312,1.819134866,0.404533402,Atrophy,T2w,0.76168738,NA,NA,NA,NA
CT_comp4,T2w_median_WMH_deep,0.055901893,-0.140581209,0.252384994,1.213773304,0.574095305,Atrophy,T2w,0.833037922,NA,NA,NA,NA
CT_comp4,T2w_median_WMH_PV,-0.077871986,-0.273912236,0.118168264,1.347039868,0.432944917,Atrophy,T2w,0.768214885,NA,NA,NA,NA
CT_comp4,T2w_median_WMH_SWM,0.054511499,-0.137449235,0.246472233,2.618389561,0.574821736,Atrophy,T2w,0.833037922,NA,NA,NA,NA
CT_comp5,T2w_median_WMH,-0.068974809,-0.283237871,0.145288253,1.741570858,0.524910677,Atrophy,T2w,0.831151781,NA,NA,NA,NA
CT_comp5,T2w_median_WMH_deep,-0.000155952,-0.216633285,0.216321381,1.131162209,0.998863728,Atrophy,T2w,0.998863728,NA,NA,NA,NA
CT_comp5,T2w_median_WMH_PV,-0.07329635,-0.289141168,0.142548467,1.303612697,0.502468954,Atrophy,T2w,0.824008611,NA,NA,NA,NA
CT_comp5,T2w_median_WMH_SWM,0.160095303,-0.049283017,0.369473622,3.157285903,0.132601522,Atrophy,T2w,0.503752515,NA,NA,NA,NA
CT_comp6,T2w_median_WMH,0.024904011,-0.183900843,0.233708865,1.648766077,0.813632313,Atrophy,T2w,0.917764735,NA,NA,NA,NA
CT_comp6,T2w_median_WMH_deep,0.061147344,-0.149180208,0.271474895,1.217420081,0.565775831,Atrophy,T2w,0.833037922,NA,NA,NA,NA
CT_comp6,T2w_median_WMH_PV,0.020214602,-0.190192483,0.230621688,1.195146941,0.849384649,Atrophy,T2w,0.92825255,NA,NA,NA,NA
CT_comp6,T2w_median_WMH_SWM,0.098366458,-0.106602156,0.303335073,2.778423872,0.343741197,Atrophy,T2w,0.720238176,NA,NA,NA,NA
CT_comp7,T2w_median_WMH,0.050796894,-0.152827169,0.254420958,1.698598778,0.622100788,Atrophy,T2w,0.861531834,NA,NA,NA,NA
CT_comp7,T2w_median_WMH_deep,0.087692718,-0.117237547,0.292622983,1.318037627,0.398354508,Atrophy,T2w,0.754776963,NA,NA,NA,NA
CT_comp7,T2w_median_WMH_PV,0.039476453,-0.165782109,0.244735015,1.223529184,0.703895319,Atrophy,T2w,0.88838875,NA,NA,NA,NA
CT_comp7,T2w_median_WMH_SWM,0.120023612,-0.079574938,0.319622162,2.918789878,0.236018997,Atrophy,T2w,0.663309894,NA,NA,NA,NA
CT_comp8,T2w_median_WMH,-0.040075348,-0.244438513,0.164287818,1.673916959,0.698371997,Atrophy,T2w,0.888014045,NA,NA,NA,NA
CT_comp8,T2w_median_WMH_deep,0.04785343,-0.158195761,0.253902622,1.186207312,0.646317971,Atrophy,T2w,0.868570155,NA,NA,NA,NA
CT_comp8,T2w_median_WMH_PV,-0.041775661,-0.247679443,0.164128121,1.22779788,0.688472604,Atrophy,T2w,0.888014045,NA,NA,NA,NA
CT_comp8,T2w_median_WMH_SWM,0.053905778,-0.14733766,0.255149215,2.608884905,0.596677843,Atrophy,T2w,0.847910618,NA,NA,NA,NA
TBV,T2w_median_WMH,-0.374472078,-0.602273133,-0.146671024,4.439018496,0.001487947,Atrophy,T2w,0.086346212,0.001487947,0.086346212,-0.374472078,-0.374472078
TBV,T2w_median_WMH_deep,0.198760076,-0.038649822,0.436169974,1.846479779,0.099959935,Atrophy,T2w,0.457680907,NA,NA,NA,NA
TBV,T2w_median_WMH_PV,-0.355250888,-0.585999692,-0.124502084,3.609167636,0.002850192,Atrophy,T2w,0.113407657,0.002850192,NA,-0.355250888,NA
TBV,T2w_median_WMH_SWM,-0.069257483,-0.303653144,0.165138178,2.625514714,0.559456492,Atrophy,T2w,0.833037922,NA,NA,NA,NA
ICV,T2w_median_WMH,-0.317175657,-0.55716485,-0.077186464,3.447112003,0.010045982,Atrophy,T2w,0.22337536,NA,NA,NA,NA
ICV,T2w_median_WMH_deep,0.186588544,-0.060242106,0.433419195,1.714352024,0.137012802,Atrophy,T2w,0.515331732,NA,NA,NA,NA
ICV,T2w_median_WMH_PV,-0.287280807,-0.530494373,-0.044067241,2.612242192,0.021031221,Atrophy,T2w,0.297514623,NA,NA,NA,NA
ICV,T2w_median_WMH_SWM,0.101387856,-0.141407645,0.344183357,2.718615848,0.409803936,Atrophy,T2w,0.76168738,NA,NA,NA,NA
TBV_ICV_ratio,T2w_median_WMH,-0.081978556,-0.264958029,0.101000917,1.842355063,0.376636233,Atrophy,T2w,0.741502585,NA,NA,NA,NA
TBV_ICV_ratio,T2w_median_WMH_deep,0.035811209,-0.149249285,0.220871703,1.169378018,0.702158463,Atrophy,T2w,0.888014045,NA,NA,NA,NA
TBV_ICV_ratio,T2w_median_WMH_PV,-0.091307314,-0.275532169,0.092917541,1.436874313,0.328231114,Atrophy,T2w,0.717305803,NA,NA,NA,NA
TBV_ICV_ratio,T2w_median_WMH_SWM,-0.173088021,-0.351106384,0.004930342,3.542985666,0.056577559,Atrophy,T2w,0.377268184,NA,NA,NA,NA
MoCA_total,T2w_median_WMH,-0.081546114,-0.269799788,0.106707559,1.828772614,0.392603798,Cognition,T2w,0.754776963,NA,NA,NA,NA
MoCA_total,T2w_median_WMH_deep,-0.026107875,-0.216521175,0.164305425,1.150347795,0.786392316,Cognition,T2w,0.909040658,NA,NA,NA,NA
MoCA_total,T2w_median_WMH_PV,-0.07763165,-0.267379721,0.112116422,1.356855599,0.419321906,Cognition,T2w,0.765661456,NA,NA,NA,NA
MoCA_total,T2w_median_WMH_SWM,0.093191356,-0.092086724,0.278469435,2.802670056,0.321138262,Cognition,T2w,0.712052548,NA,NA,NA,NA
RBANS_immediate_memory,T2w_median_WMH,-0.122459954,-0.306825379,0.06190547,2.091970522,0.190854987,Cognition,T2w,0.59056372,NA,NA,NA,NA
RBANS_immediate_memory,T2w_median_WMH_deep,-0.064475461,-0.251445398,0.122494476,1.252524007,0.495880038,Cognition,T2w,0.822116904,NA,NA,NA,NA
RBANS_immediate_memory,T2w_median_WMH_PV,-0.103437297,-0.289623937,0.082749343,1.50128364,0.273384356,Cognition,T2w,0.689229927,NA,NA,NA,NA
RBANS_immediate_memory,T2w_median_WMH_SWM,0.031891338,-0.151054565,0.214837241,2.564658571,0.730464598,Cognition,T2w,0.896055664,NA,NA,NA,NA
RBANS_visuospatial_memory,T2w_median_WMH,0.004721671,-0.185207153,0.194650494,1.634641512,0.960804972,Cognition,T2w,0.98423924,NA,NA,NA,NA
RBANS_visuospatial_memory,T2w_median_WMH_deep,0.149000266,-0.040525328,0.338525861,1.76194021,0.122135318,Cognition,T2w,0.494942765,NA,NA,NA,NA
RBANS_visuospatial_memory,T2w_median_WMH_PV,0.013477439,-0.177877747,0.204832625,1.1907815,0.889273768,Cognition,T2w,0.954529396,NA,NA,NA,NA
RBANS_visuospatial_memory,T2w_median_WMH_SWM,0.142391491,-0.04285672,0.327639701,3.163893218,0.130592607,Cognition,T2w,0.501123442,NA,NA,NA,NA
RBANS_language,T2w_median_WMH,-0.038358985,-0.222739074,0.146021103,1.678927712,0.680995182,Cognition,T2w,0.888014045,NA,NA,NA,NA
RBANS_language,T2w_median_WMH_deep,0.004402079,-0.181687003,0.190491162,1.13173278,0.962702488,Cognition,T2w,0.984848553,NA,NA,NA,NA
RBANS_language,T2w_median_WMH_PV,-0.044506997,-0.230240248,0.141226255,1.244420763,0.635883233,Cognition,T2w,0.867106605,NA,NA,NA,NA
RBANS_language,T2w_median_WMH_SWM,0.176709614,-0.002089277,0.355508505,3.576549414,0.05269141,Cognition,T2w,0.368839868,NA,NA,NA,NA
RBANS_attention,T2w_median_WMH,-0.233518459,-0.416816577,-0.05022034,3.318747115,0.012992133,Cognition,T2w,0.239562252,NA,NA,NA,NA
RBANS_attention,T2w_median_WMH_deep,0.031409356,-0.15849983,0.221318543,1.159078418,0.743767263,Cognition,T2w,0.896791149,NA,NA,NA,NA
RBANS_attention,T2w_median_WMH_PV,-0.211888992,-0.397559039,-0.026218945,2.517319938,0.025676967,Cognition,T2w,0.309167732,NA,NA,NA,NA
RBANS_attention,T2w_median_WMH_SWM,0.106804337,-0.077750556,0.291359231,2.890259804,0.253995835,Cognition,T2w,0.680925003,NA,NA,NA,NA
RBANS_delayed_memory,T2w_median_WMH,-0.1261008,-0.315317632,0.063116032,2.095024966,0.189393391,Cognition,T2w,0.59056372,NA,NA,NA,NA
RBANS_delayed_memory,T2w_median_WMH_deep,-0.019989032,-0.212248403,0.172270339,1.142193497,0.837175993,Cognition,T2w,0.92291557,NA,NA,NA,NA
RBANS_delayed_memory,T2w_median_WMH_PV,-0.108740348,-0.29978562,0.082304925,1.51695726,0.261851954,Cognition,T2w,0.689229927,NA,NA,NA,NA
RBANS_delayed_memory,T2w_median_WMH_SWM,0.093532903,-0.093525077,0.280590884,2.799495553,0.323982,Cognition,T2w,0.712052548,NA,NA,NA,NA
RBANS_total,T2w_median_WMH,-0.123928481,-0.313949435,0.066092473,2.075517127,0.198961291,Cognition,T2w,0.596883872,NA,NA,NA,NA
RBANS_total,T2w_median_WMH_deep,0.034497472,-0.158446018,0.227440963,1.163786854,0.723829219,Cognition,T2w,0.896055664,NA,NA,NA,NA
RBANS_total,T2w_median_WMH_PV,-0.105879346,-0.297738848,0.085980157,1.497096142,0.276573469,Cognition,T2w,0.689229927,NA,NA,NA,NA
RBANS_total,T2w_median_WMH_SWM,0.149037153,-0.037512479,0.335586784,3.214614368,0.116263518,Cognition,T2w,0.485608949,NA,NA,NA,NA
AD8,T2w_median_WMH,0.196742278,0.014277684,0.379206872,2.840831081,0.034820524,Cognition,T2w,0.33321919,NA,NA,NA,NA
AD8,T2w_median_WMH_deep,-0.054107892,-0.24153508,0.133319295,1.216215653,0.568497248,Cognition,T2w,0.833037922,NA,NA,NA,NA
AD8,T2w_median_WMH_PV,0.192223791,0.008153444,0.376294138,2.300750178,0.040833121,Cognition,T2w,0.339229003,NA,NA,NA,NA
AD8,T2w_median_WMH_SWM,-0.091646388,-0.274226314,0.090933539,2.801564553,0.322124796,Cognition,T2w,0.712052548,NA,NA,NA,NA
Group,T2w_median_WMH,,,,0.654785654,0.581609398,Demo,T2w,0.837517534,NA,NA,NA,NA
Group,T2w_median_WMH_deep,,,,0.025047438,0.994610699,Demo,T2w,0.997248924,NA,NA,NA,NA
Group,T2w_median_WMH_PV,,,,0.776974324,0.509249008,Demo,T2w,0.825161475,NA,NA,NA,NA
Group,T2w_median_WMH_SWM,,,,0.667617939,0.573675098,Demo,T2w,0.833037922,NA,NA,NA,NA
BMI,T2w_median_WMH,0.023782209,-0.159574375,0.207138792,1.651463013,0.797670487,Demo,T2w,0.915460234,NA,NA,NA,NA
BMI,T2w_median_WMH_deep,-0.055578627,-0.240261326,0.129104072,1.223589296,0.552221595,Demo,T2w,0.833037922,NA,NA,NA,NA
BMI,T2w_median_WMH_PV,0.002152709,-0.182648348,0.186953765,1.185848252,0.981628477,Demo,T2w,0.990802575,NA,NA,NA,NA
BMI,T2w_median_WMH_SWM,0.164360819,-0.013738584,0.342460222,3.442793965,0.070134461,Demo,T2w,0.392752982,NA,NA,NA,NA
APOE4_status,T2w_median_WMH,,,,1.687320878,0.18968317,Demo,T2w,0.59056372,NA,NA,NA,NA
APOE4_status,T2w_median_WMH_deep,,,,0.866103679,0.423384594,Demo,T2w,0.765661456,NA,NA,NA,NA
APOE4_status,T2w_median_WMH_PV,,,,1.421159924,0.245753487,Demo,T2w,0.675598678,NA,NA,NA,NA
APOE4_status,T2w_median_WMH_SWM,,,,0.031041928,0.969443263,Demo,T2w,0.988968921,NA,NA,NA,NA
High_BP,T2w_median_WMH,,,,0.34511742,0.558062206,Risk Factors,T2w,0.833037922,NA,NA,NA,NA
High_BP,T2w_median_WMH_deep,,,,0.058457898,0.809388332,Risk Factors,T2w,0.917387675,NA,NA,NA,NA
High_BP,T2w_median_WMH_PV,,,,0.292435454,0.589728436,Risk Factors,T2w,0.842787709,NA,NA,NA,NA
High_BP,T2w_median_WMH_SWM,,,,0.052309826,0.81950507,Risk Factors,T2w,0.919207468,NA,NA,NA,NA
High_chol,T2w_median_WMH,,,,1.718738198,0.192513506,Risk Factors,T2w,0.59056372,NA,NA,NA,NA
High_chol,T2w_median_WMH_deep,,,,0.611808106,0.435743797,Risk Factors,T2w,0.768214885,NA,NA,NA,NA
High_chol,T2w_median_WMH_PV,,,,1.799716655,0.182436605,Risk Factors,T2w,0.584415566,NA,NA,NA,NA
High_chol,T2w_median_WMH_SWM,,,,0.006244373,0.937155413,Risk Factors,T2w,0.972336794,NA,NA,NA,NA
Diabetes,T2w_median_WMH,,,,0.722745005,0.397042685,Risk Factors,T2w,0.754776963,NA,NA,NA,NA
Diabetes,T2w_median_WMH_deep,,,,0.033823915,0.854411492,Risk Factors,T2w,0.929403004,NA,NA,NA,NA
Diabetes,T2w_median_WMH_PV,,,,0.441537829,0.507734859,Risk Factors,T2w,0.825161475,NA,NA,NA,NA
Diabetes,T2w_median_WMH_SWM,,,,0.121869149,0.727665693,Risk Factors,T2w,0.896055664,NA,NA,NA,NA
Alcohol,T2w_median_WMH,,,,1.252361528,0.265475124,Risk Factors,T2w,0.689229927,NA,NA,NA,NA
Alcohol,T2w_median_WMH_deep,,,,0.475678253,0.491800387,Risk Factors,T2w,0.822116904,NA,NA,NA,NA
Alcohol,T2w_median_WMH_PV,,,,1.015344962,0.315778581,Risk Factors,T2w,0.71154094,NA,NA,NA,NA
Alcohol,T2w_median_WMH_SWM,,,,0.31570181,0.575315,Risk Factors,T2w,0.833037922,NA,NA,NA,NA
Smoking,T2w_median_WMH,,,,0.148538272,0.700660713,Risk Factors,T2w,0.888014045,NA,NA,NA,NA
Smoking,T2w_median_WMH_deep,,,,0.321499271,0.571832652,Risk Factors,T2w,0.833037922,NA,NA,NA,NA
Smoking,T2w_median_WMH_PV,,,,0.40722268,0.524673661,Risk Factors,T2w,0.831151781,NA,NA,NA,NA
Smoking,T2w_median_WMH_SWM,,,,0.015895198,0.899895686,Risk Factors,T2w,0.956851109,NA,NA,NA,NA
CT_comp1,volume_WMH,-0.060351425,-0.22591964,0.10521679,12.56713187,0.471686766,Atrophy,Volume,0.806776459,NA,NA,NA,NA
CT_comp1,volume_WMH_deep,-0.097054668,-0.291164241,0.097054906,1.446311174,0.324002747,Atrophy,Volume,0.712052548,NA,NA,NA,NA
CT_comp1,volume_WMH_PV,-0.088947437,-0.251865388,0.073970514,13.90591697,0.281709057,Atrophy,Volume,0.689229927,NA,NA,NA,NA
CT_comp1,volume_WMH_SWM,0.113913221,-0.074890067,0.302716509,3.138987701,0.234459855,Atrophy,Volume,0.661386756,NA,NA,NA,NA
CT_comp2,volume_WMH,-0.180365282,-0.341840343,-0.018890221,14.1404069,0.028910927,Atrophy,Volume,0.316255053,NA,NA,NA,NA
CT_comp2,volume_WMH_deep,-0.040289692,-0.233904757,0.153325373,1.234937111,0.680924633,Atrophy,Volume,0.888014045,NA,NA,NA,NA
CT_comp2,volume_WMH_PV,-0.222318929,-0.379716161,-0.064921697,16.36535157,0.00604059,Atrophy,Volume,0.15747192,0.00604059,NA,-0.222318929,NA
CT_comp2,volume_WMH_SWM,0.032050244,-0.156688772,0.220789261,2.778095845,0.737171197,Atrophy,Volume,0.896055664,NA,NA,NA,NA
CT_comp3,volume_WMH,-0.275093576,-0.440979495,-0.109207656,16.26071206,0.00135643,Atrophy,Volume,0.086346212,0.00135643,0.086346212,-0.275093576,-0.275093576
CT_comp3,volume_WMH_deep,-0.038686465,-0.242529818,0.165156889,1.227488589,0.707622733,Atrophy,Volume,0.890121108,NA,NA,NA,NA
CT_comp3,volume_WMH_PV,-0.293169261,-0.45555979,-0.130778732,18.19748462,0.000513504,Atrophy,Volume,0.048526161,0.000513504,0.048526161,-0.293169261,-0.293169261
CT_comp3,volume_WMH_SWM,-0.110905266,-0.308611799,0.086801268,3.085855034,0.268772023,Atrophy,Volume,0.689229927,NA,NA,NA,NA
CT_comp4,volume_WMH,-0.071745566,-0.238530477,0.095039345,12.64076733,0.395883107,Atrophy,Volume,0.754776963,NA,NA,NA,NA
CT_comp4,volume_WMH_deep,-0.047706199,-0.244065235,0.148652837,1.251017348,0.63120882,Atrophy,Volume,0.866050577,NA,NA,NA,NA
CT_comp4,volume_WMH_PV,-0.112297979,-0.276077429,0.051481472,14.1552819,0.177033764,Atrophy,Volume,0.571955238,NA,NA,NA,NA
CT_comp4,volume_WMH_SWM,0.101851485,-0.088767617,0.292470588,3.054439633,0.292047314,Atrophy,Volume,0.698695473,NA,NA,NA,NA
CT_comp5,volume_WMH,-0.186905267,-0.36766748,-0.006143054,13.88844727,0.04282715,Atrophy,Volume,0.342092215,NA,NA,NA,NA
CT_comp5,volume_WMH_deep,-0.044535967,-0.260635115,0.17156318,1.23408946,0.683824397,Atrophy,Volume,0.888014045,NA,NA,NA,NA
CT_comp5,volume_WMH_PV,-0.213206358,-0.390465068,-0.035947647,15.57063392,0.018842632,Atrophy,Volume,0.284900602,NA,NA,NA,NA
CT_comp5,volume_WMH_SWM,0.035094206,-0.175563578,0.24575199,2.77692989,0.741972018,Atrophy,Volume,0.896055664,NA,NA,NA,NA
CT_comp6,volume_WMH,-0.130014889,-0.307489048,0.047459271,13.13702311,0.149443901,Atrophy,Volume,0.537998045,NA,NA,NA,NA
CT_comp6,volume_WMH_deep,-0.071504295,-0.281505009,0.138496419,1.309215601,0.501318569,Atrophy,Volume,0.824008611,NA,NA,NA,NA
CT_comp6,volume_WMH_PV,-0.140706168,-0.315506235,0.0340939,14.41298656,0.113558929,Atrophy,Volume,0.476947502,NA,NA,NA,NA
CT_comp6,volume_WMH_SWM,0.013823019,-0.191233122,0.218879161,2.751940877,0.893993488,Atrophy,Volume,0.955084841,NA,NA,NA,NA
CT_comp7,volume_WMH,-0.173999526,-0.345787421,-0.002211631,13.82746719,0.047170816,Atrophy,Volume,0.35751329,NA,NA,NA,NA
CT_comp7,volume_WMH_deep,-0.035186334,-0.240454736,0.170082068,1.220703538,0.734783304,Atrophy,Volume,0.896055664,NA,NA,NA,NA
CT_comp7,volume_WMH_PV,-0.183743687,-0.352824805,-0.014662569,15.18546587,0.033445815,Atrophy,Volume,0.324167134,NA,NA,NA,NA
CT_comp7,volume_WMH_SWM,-0.034829617,-0.234875058,0.165215824,2.779686646,0.73078039,Atrophy,Volume,0.896055664,NA,NA,NA,NA
CT_comp8,volume_WMH,-0.051494534,-0.226615954,0.123626885,12.50164501,0.561345493,Atrophy,Volume,0.833037922,NA,NA,NA,NA
CT_comp8,volume_WMH_deep,0.001885365,-0.204147962,0.207918691,1.190740801,0.985567647,Atrophy,Volume,0.992129349,NA,NA,NA,NA
CT_comp8,volume_WMH_PV,-0.093694449,-0.26588026,0.078491363,13.90304585,0.283305615,Atrophy,Volume,0.690900146,NA,NA,NA,NA
CT_comp8,volume_WMH_SWM,0.156875982,-0.041778416,0.35553038,3.418487014,0.12049077,Atrophy,Volume,0.494942765,NA,NA,NA,NA
TBV,volume_WMH,0.118764682,-0.084364381,0.321893745,12.86205743,0.249164084,Atrophy,Volume,0.677582904,NA,NA,NA,NA
TBV,volume_WMH_deep,0.070183661,-0.169499305,0.309866626,1.278338039,0.562984171,Atrophy,Volume,0.833037922,NA,NA,NA,NA
TBV,volume_WMH_PV,0.10367093,-0.097035366,0.304377225,13.86059256,0.308332834,Atrophy,Volume,0.710620274,NA,NA,NA,NA
TBV,volume_WMH_SWM,0.208070133,-0.022629055,0.43876932,3.622873044,0.076643244,Atrophy,Volume,0.410938245,NA,NA,NA,NA
ICV,volume_WMH,0.083823622,-0.127572713,0.295219956,12.60151438,0.433754979,Atrophy,Volume,0.768214885,NA,NA,NA,NA
ICV,volume_WMH_deep,0.170354173,-0.076629814,0.417338161,1.6771576,0.174496631,Atrophy,Volume,0.568618332,NA,NA,NA,NA
ICV,volume_WMH_PV,0.093851042,-0.114590977,0.30229306,13.76772418,0.374274223,Atrophy,Volume,0.740710242,NA,NA,NA,NA
ICV,volume_WMH_SWM,0.119756862,-0.121898723,0.361412446,3.011469841,0.328290751,Atrophy,Volume,0.717305803,NA,NA,NA,NA
TBV_ICV_ratio,volume_WMH,0.038952827,-0.118353825,0.196259479,12.46615384,0.624669988,Atrophy,Volume,0.862623693,NA,NA,NA,NA
TBV_ICV_ratio,volume_WMH_deep,-0.079860667,-0.264254549,0.104533216,1.38247341,0.392683521,Atrophy,Volume,0.754776963,NA,NA,NA,NA
TBV_ICV_ratio,volume_WMH_PV,0.011060986,-0.144320656,0.166442627,13.48126123,0.888095651,Atrophy,Volume,0.954529396,NA,NA,NA,NA
TBV_ICV_ratio,volume_WMH_SWM,0.096846208,-0.082537444,0.27622986,3.060874533,0.287076211,Atrophy,Volume,0.694172973,NA,NA,NA,NA
MoCA_total,volume_WMH,-0.240079601,-0.395753391,-0.084405811,15.73615812,0.00280472,Cognition,Volume,0.113407657,0.00280472,NA,-0.240079601,NA
MoCA_total,volume_WMH_deep,-0.058026536,-0.248001874,0.131948801,1.286061217,0.54630157,Cognition,Volume,0.833037922,NA,NA,NA,NA
MoCA_total,volume_WMH_PV,-0.251026833,-0.40386491,-0.098188756,17.38351252,0.001501464,Cognition,Volume,0.086346212,0.001501464,0.086346212,-0.251026833,-0.251026833
MoCA_total,volume_WMH_SWM,-0.128829229,-0.312712526,0.055054068,3.275534997,0.167861175,Cognition,Volume,0.559044266,NA,NA,NA,NA
RBANS_immediate_memory,volume_WMH,-0.149678654,-0.306541013,0.007183706,13.66459266,0.061259344,Cognition,Volume,0.377268184,NA,NA,NA,NA
RBANS_immediate_memory,volume_WMH_deep,-0.090786018,-0.277185937,0.0956139,1.433239956,0.336638777,Cognition,Volume,0.720238176,NA,NA,NA,NA
RBANS_immediate_memory,volume_WMH_PV,-0.130528042,-0.285854935,0.024798851,14.49737264,0.098708427,Cognition,Volume,0.457680907,NA,NA,NA,NA
RBANS_immediate_memory,volume_WMH_SWM,-0.139926111,-0.320459145,0.040606923,3.393854232,0.127442223,Cognition,Volume,0.500766882,NA,NA,NA,NA
RBANS_visuospatial_memory,volume_WMH,-0.136127284,-0.29702905,0.024774483,13.38975679,0.096476942,Cognition,Volume,0.453022165,NA,NA,NA,NA
RBANS_visuospatial_memory,volume_WMH_deep,0.047668888,-0.143480359,0.238818135,1.254252944,0.622217435,Cognition,Volume,0.861531834,NA,NA,NA,NA
RBANS_visuospatial_memory,volume_WMH_PV,-0.14140303,-0.29996732,0.017161259,14.62647116,0.079968576,Cognition,Volume,0.415130646,NA,NA,NA,NA
RBANS_visuospatial_memory,volume_WMH_SWM,-0.029761492,-0.216168635,0.156645652,2.774493853,0.752348987,Cognition,Volume,0.90111349,NA,NA,NA,NA
RBANS_language,volume_WMH,-0.162657218,-0.317974402,-0.007340034,13.92743631,0.040275056,Cognition,Volume,0.339229003,NA,NA,NA,NA
RBANS_language,volume_WMH_deep,-0.032686491,-0.218489421,0.153116439,1.222303334,0.72809095,Cognition,Volume,0.896055664,NA,NA,NA,NA
RBANS_language,volume_WMH_PV,-0.183400141,-0.335772379,-0.031027903,15.57354477,0.01876231,Cognition,Volume,0.284900602,NA,NA,NA,NA
RBANS_language,volume_WMH_SWM,-0.026584051,-0.207691776,0.154523674,2.770246574,0.771730288,Cognition,Volume,0.907353185,NA,NA,NA,NA
RBANS_attention,volume_WMH,-0.069974792,-0.231019309,0.091069725,12.64606059,0.391152036,Cognition,Volume,0.754776963,NA,NA,NA,NA
RBANS_attention,volume_WMH_deep,0.0197491,-0.170022523,0.209520724,1.201730308,0.837023725,Cognition,Volume,0.92291557,NA,NA,NA,NA
RBANS_attention,volume_WMH_PV,-0.076150506,-0.234956425,0.082655413,13.80716454,0.344132469,Cognition,Volume,0.720238176,NA,NA,NA,NA
RBANS_attention,volume_WMH_SWM,0.089677632,-0.094546501,0.273901764,3.002180281,0.336899874,Cognition,Volume,0.720238176,NA,NA,NA,NA
RBANS_delayed_memory,volume_WMH,-0.149785701,-0.310909467,0.011338065,13.59926407,0.068131559,Cognition,Volume,0.388684787,NA,NA,NA,NA
RBANS_delayed_memory,volume_WMH_deep,-0.024125922,-0.216174361,0.167922516,1.206793676,0.803902225,Cognition,Volume,0.915460234,NA,NA,NA,NA
RBANS_delayed_memory,volume_WMH_PV,-0.149377592,-0.308323464,0.009568281,14.75396742,0.065212978,Cognition,Volume,0.382178385,NA,NA,NA,NA
RBANS_delayed_memory,volume_WMH_SWM,-0.066519873,-0.253325101,0.120285356,2.883573946,0.481961651,Cognition,Volume,0.815129772,NA,NA,NA,NA
RBANS_total,volume_WMH,-0.166552445,-0.327757462,-0.005347428,13.88607673,0.042987778,Cognition,Volume,0.342092215,NA,NA,NA,NA
RBANS_total,volume_WMH_deep,-0.016585255,-0.20941591,0.1762454,1.198220174,0.865000139,Cognition,Volume,0.936876942,NA,NA,NA,NA
RBANS_total,volume_WMH_PV,-0.169049268,-0.32795526,-0.010143276,15.11413175,0.037272999,Cognition,Volume,0.339078187,NA,NA,NA,NA
RBANS_total,volume_WMH_SWM,-0.041566578,-0.229358198,0.146225041,2.799798596,0.661844663,Cognition,Volume,0.87935776,NA,NA,NA,NA
AD8,volume_WMH,0.112537661,-0.045693187,0.27076851,13.09349891,0.161562143,Cognition,Volume,0.557042942,NA,NA,NA,NA
AD8,volume_WMH_deep,0.045142242,-0.142177447,0.23246193,1.250045596,0.633967185,Cognition,Volume,0.867106605,NA,NA,NA,NA
AD8,volume_WMH_PV,0.120493406,-0.035405336,0.276392149,14.33967403,0.128503671,Cognition,Volume,0.500766882,NA,NA,NA,NA
AD8,volume_WMH_SWM,0.042551639,-0.14001661,0.225119888,2.805536865,0.645142114,Cognition,Volume,0.868570155,NA,NA,NA,NA
Group,volume_WMH,,,,8.348908763,4.70E-05,Demo,Volume,0.009018087,4.70E-05,0.009018087,NA,NA
Group,volume_WMH_deep,,,,0.892765332,0.447352183,Demo,Volume,0.7823964,NA,NA,NA,NA
Group,volume_WMH_PV,,,,9.058096251,2.05E-05,Demo,Volume,0.009018087,2.05E-05,0.009018087,NA,NA
Group,volume_WMH_SWM,,,,2.920853462,0.037209108,Demo,Volume,0.339078187,NA,NA,NA,NA
BMI,volume_WMH,-0.057668594,-0.214598302,0.099261113,12.57019947,0.468092007,Demo,Volume,0.804131898,NA,NA,NA,NA
BMI,volume_WMH_deep,0.026136253,-0.158585502,0.210858007,1.211127515,0.77974692,Demo,Volume,0.908226338,NA,NA,NA,NA
BMI,volume_WMH_PV,-0.033328297,-0.188424861,0.121768266,13.54084024,0.671113852,Demo,Volume,0.887213213,NA,NA,NA,NA
BMI,volume_WMH_SWM,-0.057950882,-0.237713796,0.121812032,2.85894294,0.524322906,Demo,Volume,0.831151781,NA,NA,NA,NA
APOE4_status,volume_WMH,,,,0.10239272,0.902759384,Demo,Volume,0.957203498,NA,NA,NA,NA
APOE4_status,volume_WMH_deep,,,,0.496376427,0.610065205,Demo,Volume,0.854091287,NA,NA,NA,NA
APOE4_status,volume_WMH_PV,,,,0.091618641,0.912521368,Demo,Volume,0.962156422,NA,NA,NA,NA
APOE4_status,volume_WMH_SWM,,,,1.50582366,0.226290921,Demo,Volume,0.653728941,NA,NA,NA,NA
High_BP,volume_WMH,,,,14.18882199,0.000264308,Risk Factors,Volume,0.028545302,0.000264308,0.028545302,NA,NA
High_BP,volume_WMH_deep,,,,1.202572338,0.27513967,Risk Factors,Volume,0.689229927,NA,NA,NA,NA
High_BP,volume_WMH_PV,,,,16.56088024,8.76E-05,Risk Factors,Volume,0.011037497,8.76E-05,0.011037497,NA,NA
High_BP,volume_WMH_SWM,,,,4.795741567,0.030585071,Risk Factors,Volume,0.316255053,NA,NA,NA,NA
High_chol,volume_WMH,,,,7.231777395,0.008247157,Risk Factors,Volume,0.207828348,0.008247157,NA,NA,NA
High_chol,volume_WMH_deep,,,,1.561315765,0.214054597,Risk Factors,Volume,0.633113904,NA,NA,NA,NA
High_chol,volume_WMH_PV,,,,10.08632233,0.001925813,Risk Factors,Volume,0.090994674,0.001925813,0.090994674,NA,NA
High_chol,volume_WMH_SWM,,,,0.041732775,0.838497479,Risk Factors,Volume,0.92291557,NA,NA,NA,NA
Diabetes,volume_WMH,,,,0.035086623,0.85175018,Risk Factors,Volume,0.92825255,NA,NA,NA,NA
Diabetes,volume_WMH_deep,,,,0.076873965,0.782085865,Risk Factors,Volume,0.908226663,NA,NA,NA,NA
Diabetes,volume_WMH_PV,,,,0.00076551,0.977975867,Risk Factors,Volume,0.990208169,NA,NA,NA,NA
Diabetes,volume_WMH_SWM,,,,0.841546993,0.360908498,Risk Factors,Volume,0.734018133,NA,NA,NA,NA
Alcohol,volume_WMH,,,,0.54343497,0.462540546,Risk Factors,Volume,0.797775967,NA,NA,NA,NA
Alcohol,volume_WMH_deep,,,,1.853889607,0.176040284,Risk Factors,Volume,0.571186502,NA,NA,NA,NA
Alcohol,volume_WMH_PV,,,,0.678586103,0.411809275,Risk Factors,Volume,0.76168738,NA,NA,NA,NA
Alcohol,volume_WMH_SWM,,,,0.179166685,0.67289488,Risk Factors,Volume,0.88779848,NA,NA,NA,NA
Smoking,volume_WMH,,,,3.313774197,0.071348121,Risk Factors,Volume,0.396611615,NA,NA,NA,NA
Smoking,volume_WMH_deep,,,,1.442742513,0.232207654,Risk Factors,Volume,0.657486841,NA,NA,NA,NA
Smoking,volume_WMH_PV,,,,2.624722636,0.107998346,Risk Factors,Volume,0.472519751,NA,NA,NA,NA
Smoking,volume_WMH_SWM,,,,4.846273941,0.029738346,Risk Factors,Volume,0.316255053,NA,NA,NA,NA
